file,delta_aic,chi2_sine,chi2_saw,period_sine,period_saw,amp_sine,phase_sine,offset_sine,amp_saw,phase_saw,offset_saw
lc_0000.txt,2822.5545223331283,10401.840354108896,7579.285831775767,363.5972587277967,238.34049591852155,,,,,,
lc_0001.txt,1140.177046059967,5860.020271727526,4719.843225667559,389.8196789787968,304.9715645212651,,,,,,
lc_0002.txt,-5541.075476876948,33716.44400751624,39257.51948439319,348.4061411914613,199.31992293021932,,,,,,
lc_0003.txt,34445.86368920014,340154.92826127965,305709.0645720795,432.2600834784793,520.2879805495454,,,,,,
lc_0004.txt,-2056.086232554888,14580.213699105068,16636.299931659956,354.2777737578459,574.3752877795149,,,,,,
lc_0005.txt,143.6273388752602,2628.0725524902423,2484.445213614982,372.4742399630341,385.3139778589065,,,,,,
lc_0006.txt,11956.854301459289,67408.24239047499,55451.3880890157,445.4380464568512,427.9314822170584,,,,,,
lc_0007.txt,-32510.762612861,239943.2464398049,272454.0090526659,354.9411714795776,338.1964715456324,,,,,,
lc_0008.txt,938.7714696352814,14962.402378340088,14023.630908704808,356.05115207452553,308.16084709690455,,,,,,
lc_0009.txt,105120.02150263908,319560.0459880576,214440.02448541851,360.1924561124127,458.0101950832485,,,,,,
lc_0010.txt,42254.41526765423,288661.6656333818,246407.2503657276,337.6210988301763,976.9216578177956,,,,,,
lc_0011.txt,-1235.9861372599662,20369.57470258629,21605.56083984626,406.11052093185833,317.9782371076704,,,,,,
lc_0012.txt,36795.07342265596,137465.80516398494,100670.731741329,588.2567928947051,200.21362790414264,,,,,,
lc_0013.txt,6078.011289035378,142714.31210272136,136636.300813686,393.63029612491033,380.8886181161588,,,,,,
lc_0014.txt,70578.54242170685,179545.18265417792,108966.64023247108,479.73954281145626,393.5363375937015,,,,,,
lc_0015.txt,-9348.759922400204,51378.21273010451,60726.97265250472,379.87866706543736,271.24889909212897,,,,,,
lc_0016.txt,-1058.1162276729028,12310.448277771591,13368.564505444494,452.0028326009556,271.4309615512542,,,,,,
lc_0017.txt,-8165.85013635589,35070.043960344585,43235.89409670048,575.3318505206141,845.6321499506678,,,,,,
lc_0018.txt,1232.6426555063736,5050.127281899162,3817.484626392789,389.8629719877704,330.581716502975,,,,,,
lc_0019.txt,-36.74367176378109,2701.7633323744026,2738.507004138184,333.0199336435515,330.9134789084235,,,,,,
lc_0020.txt,79005.40623374586,340080.7109770099,261075.30474326405,376.2752656289204,406.0871788390479,,,,,,
lc_0021.txt,84706.42053630007,184809.1830210649,100102.76248476484,517.3372857852651,448.0746443164617,,,,,,
lc_0022.txt,-1063.9187054784943,6711.67442743842,7775.593132916914,314.982908801133,368.947915124868,,,,,,
lc_0023.txt,-2231.968487688142,4542.199953881029,6774.168441569171,416.7627594379637,464.356932361686,,,,,,
lc_0024.txt,5626.373799167253,43361.47578838623,37735.10198921898,384.95431314074136,487.4233709020225,,,,,,
lc_0025.txt,61047.18129190781,154898.18218354572,93851.00089163792,503.44063501823695,437.8193900826087,,,,,,
lc_0026.txt,23.718763294138625,11356.713822427726,11332.995059133587,408.2060812445996,335.1276370570562,,,,,,
lc_0027.txt,3062.2661666141503,33890.92296406429,30828.656797450138,368.9952539306101,550.8562162332233,,,,,,
lc_0028.txt,-19910.223176263917,65116.89212734504,85027.11530360895,354.9789537146877,595.8930057189608,,,,,,
lc_0029.txt,102.0793480256034,42089.971482636334,41987.89213461073,352.9940483917807,357.73801744278023,,,,,,
lc_0030.txt,-195365.59633426185,627321.0471444926,822686.6434787544,354.12189956509513,509.9520586641605,,,,,,
lc_0031.txt,-27013.612670828137,40313.49661855935,67327.10928938749,329.0453614449042,339.4460759986404,,,,,,
lc_0032.txt,-551.816646217394,6496.1356530307,7047.952299248094,304.9166425233942,319.1573614350352,,,,,,
lc_0033.txt,3206.4345660475647,16298.652751370642,13092.218185323078,395.0026375605392,301.06700832348935,,,,,,
lc_0034.txt,8303.920419817237,227161.3651674589,218857.4447476416,353.51505533009674,272.4637255142382,,,,,,
lc_0035.txt,-28742.935566678643,161333.59909113892,190076.5346578176,538.1211082358286,657.5518213863791,,,,,,
lc_0036.txt,23215.8928923396,145570.57711799134,122354.68422565174,404.7695777911934,411.97988697697656,,,,,,
lc_0037.txt,-3562.656535521688,32855.98728436412,36418.64381988581,433.78018891084,464.9716512932299,,,,,,
lc_0038.txt,-417.0554231259157,64042.81712231972,64459.87254544564,356.2881546594923,484.4888142753518,,,,,,
lc_0039.txt,-12.872394151607295,21992.75915017714,22005.631544328746,401.1346067158789,509.8825203021945,,,,,,
lc_0040.txt,4861.120337398694,100064.2760029576,95203.15566555892,332.65655309137946,398.0428622783065,,,,,,
lc_0041.txt,2859.6522298186683,47372.857920619965,44513.2056908013,326.66950611164066,441.90686212895184,,,,,,
lc_0042.txt,1715.3415262584822,12728.216468871393,11012.87494261291,328.45901046458096,746.0255342173657,,,,,,
lc_0043.txt,-1325.341382137849,207235.40517676892,208560.7465589068,511.1758405256705,292.1772018278289,,,,,,
lc_0044.txt,-3946.909872448552,102584.0748566978,106530.98472914634,406.217096634886,261.1208851785723,,,,,,
lc_0045.txt,-6411.382074369416,43762.6265089729,50174.00858334232,354.15699039893667,462.7540563830623,,,,,,
lc_0046.txt,-1322.3201169638196,37946.73178564072,39269.05190260454,395.64011134275785,762.5243047888639,,,,,,
lc_0047.txt,-27275.0613231418,140263.45588666154,167538.51720980334,379.4264009494903,443.8576147524947,,,,,,
lc_0048.txt,-6232.448348223479,63337.26037520773,69569.7087234312,360.932712634369,571.2297790729806,,,,,,
lc_0049.txt,1977.6384256464016,6032.974388109787,4055.335962463385,488.9397715121788,550.4217249717072,,,,,,
lc_0050.txt,11396.064523205292,98759.43112489456,87363.36660168928,455.60579497869577,302.2479972017962,,,,,,
lc_0051.txt,-1200.0217110637632,6663.235041342961,7863.256752406724,333.3219185349873,944.3243822540808,,,,,,
lc_0052.txt,-66.96214642033192,2805.4750335023573,2872.437179922689,370.2998138703918,310.9288136970429,,,,,,
lc_0053.txt,46725.07192789746,430832.2049755917,384107.1330476943,377.4770827025834,170.80491997707918,,,,,,
lc_0054.txt,-1418.06364277385,29969.41934591946,31387.48298869331,350.90506145096543,353.34190531936287,,,,,,
lc_0055.txt,1273.633299750989,14471.323543069244,13197.690243318257,405.4932429383331,351.18003604929424,,,,,,
lc_0056.txt,-3520.096725066905,66064.6664382436,69584.7631633105,312.7040770961044,422.28438058246513,,,,,,
lc_0057.txt,-11084.70749378376,72457.43342870387,83542.14092248763,345.8159595386526,447.9056809652986,,,,,,
lc_0058.txt,257.5211033844937,1678.729620756496,1421.2085173720022,377.4451580856871,340.2914051367105,,,,,,
lc_0059.txt,404.8126140591394,3040.976004451706,2636.1633903925667,356.9605212936668,417.7701211315402,,,,,,
lc_0060.txt,3917.3957694495766,36646.603946182,32729.208176732427,318.1738479900299,354.0918636666406,,,,,,
lc_0061.txt,75743.46682163648,320682.43882765603,244938.97200601955,424.7432926053456,157.6031852511597,,,,,,
lc_0062.txt,2077.700799930106,41291.719890380045,39214.01909044994,402.7960252727437,293.7430950509619,,,,,,
lc_0063.txt,-17232.961868971615,135210.54971537442,152443.51158434604,346.29239097820266,523.0893978641762,,,,,,
lc_0064.txt,544.1442617474895,23921.96406096124,23377.81979921375,401.5201423194044,175.34351391429917,,,,,,
lc_0065.txt,-9266.244356388182,25717.645277217016,34983.8896336052,274.0960572827095,533.9718627122389,,,,,,
lc_0066.txt,-309.93675054840423,36400.40824601971,36710.344996568114,362.870335600605,526.9729104870709,,,,,,
lc_0067.txt,-666.7515397395,10020.125850657254,10686.877390396754,377.0511013651579,543.6346530640562,,,,,,
lc_0068.txt,-52390.48337147085,149348.85572024283,201739.3390917137,318.5355897396297,398.5531505777409,,,,,,
lc_0069.txt,15214.08812891183,43789.34527111163,28575.257142199804,524.4981005321368,344.3788792964374,,,,,,
lc_0070.txt,-2729.0097578305576,71517.74846797064,74246.7582258012,388.353063030496,426.0779590525092,,,,,,
lc_0071.txt,276.0000521364127,7489.430494477267,7213.430442340854,292.87580115341103,365.4201819222,,,,,,
lc_0072.txt,277.546453899392,4437.193759064535,4159.647305165143,409.411090705318,311.8280867296926,,,,,,
lc_0073.txt,665.707142844054,92849.56179931165,92183.85465646758,317.4418034164506,488.8438605315481,,,,,,
lc_0074.txt,23410.34181428992,243886.50776042332,220476.16594613343,335.1796333490349,828.048887027544,,,,,,
lc_0075.txt,-13810.071724259848,69572.47846982189,83382.55019408173,404.063281115003,519.0513704132851,,,,,,
lc_0076.txt,80789.41062873614,300511.0991890178,219721.68856028165,630.8499405342785,295.7776052456546,,,,,,
lc_0077.txt,-1933.327362538479,19205.23107250802,21138.5584350465,392.5216354576887,502.9223668696324,,,,,,
lc_0078.txt,-24024.50385704513,86445.68598935782,110470.18984640297,453.9329855872491,366.3022735755954,,,,,,
lc_0079.txt,13246.434337881918,483551.9397020973,470305.5053642154,359.562903890868,305.98844124887484,,,,,,
lc_0080.txt,-72761.11788093433,202466.3916069764,275227.5094879107,335.2707827088551,647.3039962997932,,,,,,
lc_0081.txt,781.8009464829574,11576.414509929156,10794.613563446195,378.7447412640044,412.84303039446553,,,,,,
lc_0082.txt,1611.3520628335957,16360.057715152128,14748.705652318533,302.83332327992963,434.8033640590382,,,,,,
lc_0083.txt,-242.3695470980492,7453.328701742424,7695.698248840474,409.2909286027373,391.2458128833975,,,,,,
lc_0084.txt,3922.781558549943,10260.853201066417,6338.071642516474,538.8649862564084,362.0641683744718,,,,,,
lc_0085.txt,20976.694150806405,164015.4866762132,143038.79252540678,375.5147809837058,380.9358223461829,,,,,,
lc_0086.txt,-7735.487767625309,77917.77485048096,85653.26261810627,364.6763076792825,379.50178456868633,,,,,,
lc_0087.txt,15859.103953181446,219408.3537307329,203549.24977755145,397.77382345794575,601.0256723574624,,,,,,
lc_0088.txt,2568.8381657959326,12934.067595715074,10365.229429919142,335.5351225977658,438.6649088972461,,,,,,
lc_0089.txt,17499.869957888943,49933.77634392392,32433.906386034974,338.3589434267919,610.0204889335638,,,,,,
lc_0090.txt,2863.737985835356,19717.700617993327,16853.96263215797,374.1064525139504,598.2928586338011,,,,,,
lc_0091.txt,-279.56756212926643,1852.6335432673789,2132.2011053966453,324.22252740614766,437.37855149234537,,,,,,
lc_0092.txt,-265.4965332930733,2310.9850200781566,2576.48155337123,361.82195776984025,432.75153510610266,,,,,,
lc_0093.txt,-3679.4224542568254,85345.51804816953,89024.94050242635,339.301475513623,367.2789317625314,,,,,,
lc_0094.txt,-950.0374228146102,52824.30483286602,53774.34225568063,364.08830873109946,219.96875168673705,,,,,,
lc_0095.txt,-5800.244679153031,54909.9126749659,60710.15735411893,324.2227162058867,619.6276620811994,,,,,,
lc_0096.txt,777.2688540514573,59290.30721489816,58513.0383608467,409.5506354458775,292.9705161477958,,,,,,
lc_0097.txt,84782.38380333089,471883.5872408358,387101.20343750494,342.52301980409294,313.23936669378384,,,,,,
lc_0098.txt,-9174.135278101152,100389.70260680382,109563.83788490498,414.1676105784777,607.1404311524113,,,,,,
lc_0899.txt,294.968659105838,9232.457346792582,8937.488687686744,358.2472762480318,344.0147171513016,0.0244836699721857,3.061575011658352,-0.0099724577559936,0.0101162257363205,3.2207527001905354,-0.0120968096523752
lc_0900.txt,2689.502459608142,53523.88343671467,50834.38097710653,337.5691851685056,317.65466218766585,0.0819281572271981,3.4838598622320864,0.0069424929946532,0.0479122587091527,3.322978118158161,0.0065958291687197
lc_0901.txt,-2106.7647256704304,7561.134817477158,9667.899543147589,355.60057671973675,469.4013539782611,0.0380452253932454,2.4179277090240823,-0.0236626790262989,0.0859977912527557,5.625589379726296,-0.019224924338156
lc_0902.txt,-228.4711988663876,1686.9883283358754,1915.459527202263,455.95280418811353,235.21266677390204,0.0193153846865912,1.0521035113647088,-0.0736956798504109,0.0325236481953041,2.8416069596502864,-0.0724871247211379
lc_0903.txt,-136250.58628729812,283707.4030228493,419957.9893101475,386.2690902460396,450.09581922572914,0.1043733583255413,4.002045652117941,0.1152174671001348,0.3552852984291839,3.924379543158479,0.1247333435740506
lc_0904.txt,-1430.6023469181673,95951.22754971654,97381.8298966347,364.1487193047079,397.6522762432714,0.0848633476727162,3.440118417381609,-0.1825098621357699,0.2420858448921439,2.1476525733579863,-0.1785092917609478
lc_0905.txt,-4741.299757575402,24437.44366600439,29178.743423579792,405.8286171223402,753.6238202457032,0.0826131274927528,4.757687424724857,-0.0337872786731252,0.1361413503162311,4.79028993546714,-0.0203890283914585
lc_0906.txt,-3116.086271589247,9522.959454753032,12639.04572634228,384.2099982085944,403.2467514509319,0.0182323341408374,3.2028229334270235,-0.0294504482952954,0.0638729027033605,3.560354055826348,-0.0263599792969115
lc_0907.txt,19634.674860946838,175893.1770932473,156258.50223230047,418.5109632941007,360.3352645176676,0.1172848591285595,2.727236539464157,-0.0361423904520842,0.0743730321349523,2.82487015222858,-0.0257038105398545
lc_0908.txt,1321.9719309151296,14241.163590536342,12919.191659621212,374.8665378084157,316.316919804813,0.0497866536371836,3.2525372339252785,0.0025162419546433,0.0068977878982908,3.2312442392298384,-0.0001292982847527
lc_0909.txt,5620.833454706153,66270.38593316375,60649.5524784576,326.8271464143401,534.2807622449594,0.0481170515597066,2.8057203486244764,0.0257820614775562,0.0472681992656821,3.0120721904153984,0.0231758316610972
lc_0910.txt,2663.696196121171,20333.14486613723,17669.44867001606,384.4956576201016,282.76609336203666,0.0691417513924404,3.3484624395684084,0.0244125957419477,0.0564567564415287,3.796924345575696,0.0189333245453887
lc_0911.txt,-4463.949429318847,101874.99257912142,106338.94200844028,400.1393764925,385.7780448758273,0.1304142263118803,3.010688851286837,-0.3457237303408972,0.1457604808679467,4.546548565726728,-0.3371328059076662
lc_0912.txt,-803.1311754256412,4875.598124620156,5678.729300045798,325.09809273998565,319.9703496369155,0.0181325349053511,4.159078291390159,0.0052924589918384,0.0377560482695608,4.33086779328681,0.005712395255153
lc_0913.txt,-9109.713723873458,190623.0670740388,199732.78079791224,381.8126839876844,465.8052391542725,0.1998639156248071,0.6006261901438689,-0.1961493807263129,0.3523328224252544,3.990342801875351,-0.1800680185094748
lc_0914.txt,776.5355570281645,9607.024488603776,8830.488931575612,410.9592116634436,428.657829028501,0.0375104872187151,0.6601251281341197,-0.0412434778688295,0.0718027014788808,2.974744300647265,-0.0398980622924286
lc_0915.txt,13353.237771114662,40847.98302617582,27494.74525506116,340.18791429703646,362.0419848121827,0.1055319857547032,1.8467996325168647,-0.119379645158971,0.064388177581561,2.9361668135278904,-0.1132886138526121
lc_0916.txt,6203.771721889963,200044.9793352086,193841.20761331863,360.05761215272844,642.3853092057046,0.0938366280298534,3.111912977403933,-0.1333900290492128,0.0873664017422041,1.5973760698998605,-0.1391868468340329
lc_0917.txt,2493.271468169456,39892.97183173432,37399.70036356487,327.67245195094847,306.0920343464356,0.0341814880574922,2.384361033786189,-0.0391626648819228,0.0180023148527048,3.938163009988641,-0.0389280668113295
lc_0918.txt,-2246.073927733176,10755.893860274144,13001.96778800732,325.236413206058,423.0123254348424,0.0266154134716797,4.356520320187024,-0.025071204508993,0.073337461818544,0.5240585185502982,-0.0238538852891872
lc_0919.txt,54.11054720938,3623.622858380018,3569.512311170638,316.5301840885491,453.6239556179519,0.0135261304395601,2.222332382896938,0.0062331892337283,0.0157387801705187,2.987771957376415,0.0053558251607262
lc_0920.txt,-1029.651766328018,3325.162657070279,4354.814423398297,353.78058954277395,316.22926223253927,0.0190518584606258,1.3277419375417403,0.000139086464252,0.0439492524670189,2.893998752676227,0.0016060160578579
lc_0921.txt,-170.76494833854213,4500.4593430003415,4671.224291338884,325.55762482143274,437.31695247191385,0.0164615003733261,2.706327065805288,-0.0191214886556498,0.0076292058315417,3.11153293528066,-0.0196031145685708
lc_0922.txt,-9427.4114950732,24837.124987092357,34264.53648216555,351.4398573490357,297.90783327782503,0.0720254569346082,3.752981524119321,-0.0180668681394611,0.1724053534863668,3.47014468252976,-0.0183707955306907
lc_0923.txt,-11397.246110653854,294555.2363963895,305952.48250704334,325.6678834927824,424.4350115577728,0.1255069760981087,1.2460527094490244,-0.1876199016541104,0.1304882745773517,3.0550998634677424,-0.1936847522095586
lc_0924.txt,18280.79157830197,91635.02526365317,73354.2336853512,563.9186061992186,388.2135988779436,0.1706485446675957,3.514199247107426,0.0808544940030019,0.0282783663504896,2.4643921704511067,0.0721718768837926
lc_0925.txt,-21404.615504150424,118188.60576897125,139593.22127312166,384.0543795265564,418.1987147316495,0.0984668662643933,2.804414350950949,0.0437880510444095,0.0887369244621373,3.161325797639298,0.0382528172034878
lc_0926.txt,-1951.254624334608,6618.362157881693,8569.6167822163,331.4198413214553,579.3705640687232,0.033162399083645,4.656008164224755,0.009935589635138,0.0728983673933435,3.603360879684692,0.0132800146348761
lc_0927.txt,425.4212176271976,120200.1032902275,119774.6820726003,396.8523136124997,371.4157228368581,0.0806486174537162,3.409525502928725,-0.0093567791166018,0.1224810281913711,3.3006164429228075,-0.0077564590364733
lc_0928.txt,-10612.77925734502,42961.46297391066,53574.24223125568,393.085801269764,598.6565812601903,0.1489163595389907,2.2854663076562947,-0.0063757883988906,0.1410816380346371,5.818203954375944,-0.0095778901931986
lc_0929.txt,-3489.525861718874,27933.76455153373,31423.29041325261,336.99733213395774,728.474014975444,0.0733093325514396,1.3761118616736217,-0.1236897705555084,0.145505160868924,2.931169859590767,-0.1207718548754564
lc_0930.txt,-53074.303336876736,380186.80959538993,433261.11293226667,409.0860821667936,780.6963776603022,0.1857012880672752,4.2183090305610325,0.0602489345692722,0.3071063619564175,3.521193087471288,0.0492376140998868
lc_0931.txt,-950.5848217601452,36417.332337946646,37367.91715970679,410.29573250374136,258.5794925457282,0.060501205147844,3.7626256408583294,-0.0650047066793291,0.0774087895884519,3.7977405103137696,-0.0667481176363357
lc_0932.txt,-574.2331874522424,5962.591656825442,6536.824844277685,339.6632343784916,314.3392187773891,0.0184328880253066,2.9388959309509635,0.0287419710337118,0.0259994715654925,2.723747793238717,0.0285985882671101
lc_0933.txt,-3954.920612702721,8988.974087294373,12943.894699997094,354.2483957218623,401.43292494900567,0.0217050058973555,3.702455316076068,0.0125053808588717,0.0659505130071434,3.211514067140256,0.0159145559667495
lc_0934.txt,-4840.645193674565,62811.78244245833,67652.4276361329,386.1011006158594,358.6053993545017,0.0709256964276625,3.178119525123808,-0.0279139181914236,0.1634482489028174,1.958040722334396,-0.0317721927062044
lc_0935.txt,6906.838380456502,59376.08291123864,52469.24453078213,347.75835690941886,687.2871886606592,0.0869156973751818,2.444502313227558,0.0562110478035365,0.1737941135769986,3.3850992103811093,0.0611602325918729
lc_0936.txt,1146.443670376646,7937.147767425557,6790.704097048911,479.4143876956797,305.89333814140844,0.06310903371881,2.988066716940188,-0.0087540980303257,0.0204805995240484,3.3355047116847287,-0.0088894435076191
lc_0937.txt,17426.950723000016,70663.43975398934,53236.48903098932,317.0552599573525,247.81832832156465,0.161007079796683,6.141157258304055,0.1204509188370623,0.052032287816735,3.5565368284221357,0.1369626211993779
lc_0938.txt,1710.1205117733334,91126.36402911296,89416.24351733964,351.5629514844417,426.120702076757,0.0605921965626124,2.671368041608412,0.0933431954786703,0.0691002134399303,3.603033191880329,0.0907711033872031
lc_0939.txt,-534.708779401044,8793.399958164497,9328.10873756554,357.1543274551365,369.6170897799388,0.0464477320226061,4.848461247736526,-0.0224946653889047,0.1091881144098059,3.021128525873337,-0.0227796184347294
lc_0940.txt,3370.323145304981,68115.50373599706,64745.18059069208,318.8174274395792,512.8845006099718,0.0812721699590631,2.9645441974597846,0.0939026947403843,0.0557365180271322,3.0096346189119814,0.0941495544882638
lc_0941.txt,1276.2508653317363,6729.938355317981,5453.687489986245,438.8120640221936,519.2485558640748,0.046822005199098,0.908782466155486,-0.1001859091285247,0.047280539648556,3.115777022261332,-0.0999550527370439
lc_0942.txt,1172.4140651739417,6347.415146605748,5175.001081431807,470.6571921595277,547.0022980120781,0.0393658373537032,5.242867525980273,0.0057593298191242,0.0572866953972399,2.896779949918734,0.0042042406323177
lc_0943.txt,1242.619120463377,7615.442619885344,6372.823499421967,417.5038969005743,276.7116473237517,0.039314468062959,3.72844221169248,0.0249296075246633,0.001283126451349,3.096793899998045,0.0268119386090051
lc_0944.txt,5868.885283764423,68965.18109522531,63096.29581146089,429.11158023150495,352.0063536520322,0.1615517702579313,2.6479162828058915,-0.0583440541097988,0.1185060550120229,1.8118548516738755,-0.0776550505671854
lc_0945.txt,3867.518232959468,25658.48607507915,21790.96784211968,399.22065980860026,265.79151118692783,0.058176580167071,3.097719976902265,0.0064240742586303,0.0246921929916039,2.471971131758476,0.006829295842568
lc_0946.txt,32.175290531689825,5879.691019616299,5847.515729084609,350.70308003932354,435.8686284985148,0.0217411273431197,2.086632198177459,-0.0238101461172335,0.0138188804295546,2.47748176621946,-0.0255662106325892
lc_0947.txt,5200.771840163234,17804.61271807041,12603.840877907176,362.63897505657377,356.7775706738761,0.0726471072659586,2.5108717236578157,0.0455374340359621,0.0290685993278815,3.8229820415958025,0.0363389367603457
lc_0948.txt,975.5759193403774,10246.075807968433,9270.499888628055,367.8778573615005,285.0435116543404,0.0609074934750641,3.256068128500465,0.024402600124926,0.0378247333357714,2.888055559045053,0.014712385850193
lc_0949.txt,-4180.440720830069,8246.970987279146,12427.411708109215,361.7139592891701,452.0763157805232,0.0271834820563729,4.455731073745473,-0.0212503747496765,0.0701657605202094,2.3256934667910607,-0.0193677001477921
lc_0950.txt,15291.07442409092,48102.66517845783,32811.59075436691,685.0475045752293,352.0431531888769,0.1351180647261774,1.8471403828955857,-0.0968492963370309,0.0292973478235565,3.8883223252230894,-0.0890249999179364
lc_0951.txt,-8444.4086787583,24761.182436270472,33205.59111502877,330.7789295799039,391.4419997008156,0.0606058976850873,4.338010382874816,-0.0283674404331599,0.0856114257179668,3.462658804475724,-0.0259483782766923
lc_0952.txt,-4449.261309273275,18688.33218778473,23137.59349705801,388.4717305104578,548.5302615572981,0.0657320171924604,0.6312693627431315,-0.0341217363476938,0.0892042784567457,6.125148951966783,-0.0288338197433057
lc_0953.txt,-34799.787898178736,227664.416591549,262464.20448972774,356.6489813112316,638.529147318911,0.2369068854051798,4.691261723832195,-0.027188599895948,0.3818804374796626,4.249415981278087,0.0060236242624684
lc_0954.txt,989.5404468898504,11150.87615417532,10161.33570728547,384.35642991398464,299.58040612434974,0.059323171642537,3.226627115894962,0.0631166659399264,0.0195098571758865,3.780462179050697,0.0586179645341802
lc_0955.txt,-19686.02164583876,48546.79878323557,68232.82042907433,334.9463670543794,525.3645796279408,0.1067626993511257,3.0900381385590703,-0.0183777156288814,0.1954622158016306,3.55030134606752,-0.0245878581668501
lc_0956.txt,1594.8462048111105,37745.26841858088,36150.422213769765,655.7973349418941,463.1267723683253,0.1485839467637167,3.645015216278229,0.1547518280519257,0.0173968890415623,3.052126443228675,0.1557773324700869
lc_0957.txt,-62621.48011336744,264119.6367595548,326741.1168729222,346.5686139768902,407.217478658774,0.2623289152616014,0.3376971485185072,-0.0604914123001232,0.4280734038273873,3.3913083410122327,-0.049505140534297
lc_0958.txt,-809.7333695191483,76914.88505100546,77724.61842052461,397.6701533231777,428.805886817248,0.1397998626869619,3.65546301434281,-0.0668764655247657,0.1707262714278149,3.2211695374274507,-0.0674298471203706
lc_0959.txt,17.136729006655514,175281.03971817158,175263.90298916493,424.4624335884548,330.4590216216875,0.2009269623412508,3.1735742074666557,0.0776405745814839,0.070550817061488,3.027897247263314,0.0729639730477292
lc_0960.txt,42812.02442361717,315925.46787262056,273113.4434490034,365.5443205093835,454.66938075301664,0.1388362990494122,3.953464524175944,0.0135375639457861,0.0950200346011448,0.6883723521043622,0.0157551326880173
lc_0961.txt,-6438.2718556683685,57461.81015920834,63900.08201487671,438.7803679245053,337.0793958235509,0.0820954317193387,1.574916273165291,0.0206888634640619,0.1667338254678498,3.304453032425602,0.0279186381878426
lc_0962.txt,28.906498811385973,3505.704190805809,3476.797691994423,331.99563715617325,1095.3364724615703,0.0313778299366036,5.112033546916184,-0.0778873258987007,0.0628159279007636,4.86677967560771,-0.0723239949056985
lc_0963.txt,-14897.769946352662,31564.50609214804,46462.2760385007,465.37087572255456,422.9909884320141,0.1692777875617211,5.294051089895039,0.0879770311678797,0.1936993561062408,3.0217164466665314,0.0903391365699541
lc_0964.txt,-945.3626448863396,9781.42606954171,10726.78871442805,392.2702459112125,625.4862531312602,0.0258829343995528,1.9544624228363432,-0.068854508763103,0.055238348675863,2.9442906063474603,-0.0693689465775793
lc_0965.txt,25383.85665152088,200787.73129723885,175403.87464571797,372.42032412247954,391.4726818908424,0.123596409964369,3.277143054062564,-0.36890196794718,0.0822111135615323,4.194216221772516,-0.369133646275508
lc_0966.txt,235.45849115626515,5595.378886009716,5359.9203948534505,411.9272945181104,332.9551149099815,0.0217711885223056,1.5194918412513794,-0.0020188732396287,0.0066881427039819,3.4834227190938067,-2.9387181134831223e-05
lc_0967.txt,-299.58232293713627,5642.924461202403,5942.506784139539,326.648156903731,457.9708777551467,0.0324331588373198,0.1179665095064667,-0.024671064494789,0.0655111758920792,2.6401355777386546,-0.0202521149624917
lc_0968.txt,24502.23580733448,543788.281702106,519286.0458947715,443.0761895825948,708.9688017517992,0.1615316877087131,2.639586889707964,-0.063181597827268,0.1462335429039369,2.610821069752908,-0.0680209209113949
lc_0969.txt,378.8396101939743,3192.410998063884,2813.57138786991,365.0707675517436,266.57947169268704,0.0251119676659222,0.637126723395517,0.0447581059369422,0.0141498236007492,3.643663214567182,0.0474672200586518
lc_0970.txt,18593.017162405187,207048.2965307661,188455.27936836093,376.52903585718025,300.3987202839408,0.1506028852339623,2.969063890067277,0.1119181827842134,0.05845142697749,3.337740621985104,0.1046361919875439
lc_0971.txt,1100.5864281166089,6329.738787448682,5229.1523593320735,373.2951334009412,399.8348140343194,0.0536959494841857,4.754612548039559,0.0312609743817977,0.0270698367470238,2.760446907166326,0.0328950348538304
lc_0972.txt,643.6602320162292,11686.163051259531,11042.502819243304,389.5886019603872,372.7809242722125,0.0208119769085143,1.7713503922116052,0.0197331295843912,0.0260125499092745,1.978907849955484,0.0200638069878524
lc_0973.txt,36466.92425204659,75590.05382744977,39123.12957540317,462.7994782520616,386.7440378053407,0.2099326816745344,5.877254971702016,0.0902335328708542,0.098720018978712,1.977924094609825,0.1202060212762119
lc_0974.txt,-15818.180447812512,196286.4326702859,212104.6131180984,360.91347414879743,395.9806463132316,0.0936777607219025,3.2532062659032057,0.0104086852844759,0.1555087686270254,3.4604988203523157,0.0058912002886604
lc_0975.txt,-7888.999562430541,23524.22466663292,31413.22422906346,346.0773668837235,284.7205692398951,0.0384226769041903,3.913440945032505,0.0218836734930634,0.0770295518635453,3.1008702060452613,0.0261623703893105
lc_0976.txt,-23340.68464122771,336887.8175981947,360228.5022394224,347.50565033762746,410.45220811593737,0.1331792079731588,3.8230690357585626,-0.1183059265353206,0.4422569228186008,4.546538935223741,-0.1123720901878745
lc_0977.txt,-602.3493975741985,6800.699310667354,7403.048708241553,389.041915787039,402.2380942111303,0.0406521424485879,3.6143401547298217,0.0093654290729641,0.0459088823839966,3.3268710427152466,0.0032178605677122
lc_0978.txt,-796.5298495937313,53162.14199754034,53958.67184713407,354.4380677211945,448.7166465497098,0.0815471937229506,3.300141169599725,0.0189402854676284,0.0443250671772616,2.945861836802341,0.0134465457924416
lc_0979.txt,-13421.874492095829,84585.37549777201,98007.24998986784,314.3607893150389,354.7128090257007,0.0684691609699562,2.4247017595142024,0.0665578762990473,0.2006558068850323,2.8483961970318314,0.0701090038974359
lc_0980.txt,-13191.884704197611,83010.99498957806,96202.87969377569,360.6884024917982,310.56135560653064,0.0758382472698176,3.1016549580805792,0.1065921909851426,0.0926708811134376,4.043372907896929,0.1077003337180548
lc_0981.txt,-82730.96949788835,239893.5419000497,322624.51139793807,396.8254065718388,650.716434243542,0.1861140804077323,5.967134455104822,0.0623739416167844,0.3687897345652791,4.611869282942952,0.0789555690910672
lc_0982.txt,20847.15528469556,127445.91873104309,106598.76344634753,397.8457245840458,609.0516952917626,0.1215805309638102,6.274126917871329,0.0270956572656416,0.0622300913245202,6.14929277119843,0.0390963309445189
lc_0983.txt,18934.08608047702,135808.214713996,116874.128633519,465.0639143444109,352.0897418487406,0.3323814205093912,4.079154635556549,-0.1275296524740712,0.056779024229702,3.1158327229088143,-0.175273507935559
lc_0984.txt,13603.32024245197,307533.23571723164,293929.9154747797,398.320686707463,533.4371802117591,0.125051246784055,0.6020259769496765,0.0219549968758578,0.2273476453306639,2.974760517127464,0.0293958250626904
lc_0985.txt,866.0985542936996,16083.61365745016,15217.51510315646,333.16871360625305,362.6684412218858,0.0326060195623569,0.4298214881668335,0.0560969875093304,0.023801346296294,3.3089280787519444,0.0574109965307774
lc_0986.txt,-6663.47183099074,18242.394890538068,24905.866721528808,372.03491774054106,447.5470932992548,0.0180521563051461,3.005737940508419,0.0349645478015211,0.0910046779420125,3.5315172344200896,0.0376421928583471
lc_0987.txt,-1072.28821673739,80512.71002881619,81584.99824555358,364.0852392803138,592.8263971835606,0.0415472611579895,3.098488664464998,0.0265865676949959,0.1121590018648911,2.98810630380084,0.0281057097086179
lc_0988.txt,2550.104581532193,8131.207488704112,5581.102907171919,511.20419294151753,418.84399301195134,0.0438758705765236,2.177660169571618,-0.0059418667139638,0.0128202209997834,2.609606702846597,-0.0035799006798601
lc_0989.txt,-920.9139067379364,19707.91288681616,20628.826793554093,348.9148958087678,417.5330680126597,0.0371276632832117,4.059303144076701,-0.0798536956805631,0.0981966864153292,3.135811854893276,-0.0768830796304086
lc_0990.txt,-25772.025794946647,179559.95368000644,205331.97947495308,351.1423863672133,491.48844666723727,0.167455997104367,6.236358053720908,-0.1541782772029585,0.2958651841125848,3.2914306959831454,-0.1327974243578101
lc_0991.txt,3443.465695345634,7448.958756169527,4005.493060823893,591.9070614531234,764.0910282519937,0.0870500811255122,2.538291270458449,-0.0972996626689074,0.0612065617184598,5.2045048897269615,-0.1300258826788783
lc_0992.txt,-11359.149009791428,16705.83649291291,28064.985502704338,323.9957323046776,519.4276907056303,0.0345460094251523,3.762702629057502,-0.0092770848365519,0.0948321892417089,0.8917625415662501,-0.0110323650598312
lc_0993.txt,7736.613636863185,246496.4201831732,238759.80654631,345.5637001975391,653.2080196694275,0.1273897979551994,3.308478325634419,-0.1153862170148257,0.0899844060282508,3.278191375879054,-0.1239363599022661
lc_0994.txt,57408.68988164404,285999.5775442149,228590.8876625709,367.0237283348327,621.6957051150744,0.2046871531599012,3.292650261312763,0.0302856772998836,0.2327182491257004,2.799783150916286,0.0174102062510943
lc_0995.txt,1926.0640209597327,30898.8360789238,28972.772057964063,347.8676355554379,478.256939410047,0.0429551003809154,2.866353149565457,0.0064383786479611,0.0300026046961857,3.4774690023143173,0.0054039174023334
lc_0996.txt,-2641.21266591996,7065.7251175264655,9706.937783446425,331.75140521037434,390.51683180658114,0.0271442221893601,5.187370553968147,0.024855605335267,0.0481372380372437,2.758005964113768,0.0257121657687807
lc_0997.txt,-756.8215056644258,5040.0837596113615,5796.905265275787,284.21882211016776,365.3385534601388,0.0144593069754413,3.626383007478876,-0.020739218929321,0.0163752097641051,3.2925323557712827,-0.0206613438520485
lc_0998.txt,-1125.1968556290483,4944.08047471395,6069.277330342999,312.9308219897864,417.2577609014717,0.0231675460284475,1.89212151205498,0.0271498413568446,0.035988310706119,3.498534957303409,0.0282583322278614
lc_0999.txt,-1598.990527019192,12016.542475858108,13615.5330028773,453.4971317670309,325.4659522391003,0.0666639518847865,3.257202670311988,-0.0037012323412942,0.0315672509951284,3.1050400974480685,-0.0065813463980703
lc_0099.txt,-356.160516985,4553.951034432142,4910.1115514171415,360.0426648574176,331.79167891649473,,,,,,
lc_0100.txt,3086.754784558456,18411.447121501016,15324.69233694256,400.8298712229007,230.71984689694867,,,,,,
lc_0101.txt,53020.39682407607,149298.62641477393,96278.22959069784,377.5870201467435,387.5938317967794,,,,,,
lc_0102.txt,-1662.682706095834,4435.304417323831,6097.987123419665,382.4283137931773,321.7554022505101,,,,,,
lc_0103.txt,-15162.129543459863,46120.51709949714,61282.64664295701,365.791978670551,378.967786970224,,,,,,
lc_0104.txt,35941.70120093535,103874.2420987255,67932.54089779015,414.30918493057146,438.2996950445888,,,,,,
lc_0105.txt,1270.5415105068464,4644.587068920204,3374.0455584133574,392.9138984094112,345.6191885738813,,,,,,
lc_0106.txt,3812.865215363563,46103.48347858526,42290.618263221695,334.35079054129426,416.11418213397934,,,,,,
lc_0107.txt,-1779.2844289667555,4581.503698781084,6360.788127747839,311.0204827277637,331.7605462460946,,,,,,
lc_0108.txt,695.8855641635855,30882.55276328717,30186.667199123585,355.0905297034396,408.2574924712336,,,,,,
lc_0109.txt,-29915.42066485714,321060.1549262224,350975.57559107954,366.1729752401102,422.176098075269,,,,,,
lc_0110.txt,152.97645156248927,4127.36372400773,3974.38727244524,295.8748012504667,428.67271420014,,,,,,
lc_0111.txt,-8877.94245929132,57393.31736761105,66271.25982690237,377.909152111372,422.4816003235506,,,,,,
lc_0112.txt,13448.797181314148,77332.03207247486,63883.23489116071,356.3076037484801,441.4237732499965,,,,,,
lc_0113.txt,484.4815331260943,10601.04643635877,10116.564903232676,312.7231576282884,233.7326701706316,,,,,,
lc_0114.txt,-11405.48814246498,22595.825976637905,34001.314119102884,340.7752551043774,419.08353749320526,,,,,,
lc_0115.txt,1878.923732195748,72246.62217786834,70367.69844567259,394.5111140547736,515.446483007521,,,,,,
lc_0116.txt,826.8081817738421,8713.902899459124,7887.094717685282,396.4331289283151,406.49987805168416,,,,,,
lc_0117.txt,-27690.883888597546,485379.9141502495,513070.798038847,344.4781832544865,418.5419148311108,,,,,,
lc_0118.txt,59267.43607640988,334228.9647918155,274961.5287154056,328.08817782700874,660.3823217028589,,,,,,
lc_0119.txt,-949.699122547966,4532.541951699346,5482.241074247312,379.1233447096413,731.2731348369434,,,,,,
lc_0120.txt,-13420.856752102583,252128.92775900496,265549.78451110754,346.1152116666802,582.997617830077,,,,,,
lc_0121.txt,5438.874004364046,16208.295644093509,10769.421639729462,376.8130907586772,393.58323602687744,,,,,,
lc_0122.txt,202.35754805463148,6215.263881945079,6012.906333890447,356.1723807516274,253.69915509770465,,,,,,
lc_0123.txt,-1102.766789427959,5342.041339661474,6444.808129089433,545.8846418741144,484.9548246540554,,,,,,
lc_0124.txt,13290.474824892346,43004.559983293686,29714.08515840134,368.15057817649546,356.1049868677711,,,,,,
lc_0125.txt,-45510.09944460652,103036.6238247554,148546.72326936192,321.5143406251528,316.60536559536524,,,,,,
lc_0126.txt,1164.1344878689015,15494.406517265505,14330.2720293966,441.60218688765207,342.08197790813574,,,,,,
lc_0127.txt,492.9916662177102,7428.584962565558,6935.593296347848,519.8009620757466,378.5570333713935,,,,,,
lc_0128.txt,573.6392839852911,3835.243520629913,3261.604236644622,369.23305686000367,411.8662306864936,,,,,,
lc_0129.txt,-10154.470472945068,28022.099478878925,38176.56995182399,347.2856979827408,349.16791183250325,,,,,,
lc_0130.txt,-4466.79529524059,79716.58599058841,84183.381285829,409.1444552651564,422.9814051118768,,,,,,
lc_0131.txt,-27853.02414062185,50248.69102792937,78101.71516855122,476.0720376560408,944.0709230076892,,,,,,
lc_0132.txt,-7153.78677025863,44344.18642316038,51497.97319341901,385.25788635716486,274.78476432813835,,,,,,
lc_0133.txt,-27073.44936699218,57003.56823499747,84077.01760198965,393.0779756050232,362.8039486205256,,,,,,
lc_0134.txt,-2163.1755152848077,13156.01440393246,15319.189919217268,388.41372569721113,297.0854294436043,,,,,,
lc_0135.txt,-39586.39492216363,188932.30900812504,228518.70393028867,331.80594041827715,422.9651948798483,,,,,,
lc_0136.txt,-96807.89417626912,213321.49556396183,310129.389740231,392.6573149622963,346.05198360960884,,,,,,
lc_0137.txt,22412.68031546063,50941.52200011624,28528.841684655607,403.9478020563016,485.66218561034833,,,,,,
lc_0138.txt,-557.3784150092533,4382.002532166065,4939.380947175318,344.8516171084286,483.1848131657849,,,,,,
lc_0139.txt,-4458.2627409965935,6696.403288163732,11154.666029160326,447.704281508977,604.1647608226581,,,,,,
lc_0140.txt,-9603.823419574765,40330.14665816642,49933.97007774119,562.9682164715197,581.2976318477666,,,,,,
lc_0141.txt,24209.69482262904,384977.4867822352,360767.7919596061,490.14921754132416,198.95072833942717,,,,,,
lc_0142.txt,-968.5222053931466,18620.578767125266,19589.10097251841,352.4208090381542,413.4661806837619,,,,,,
lc_0143.txt,-3601.546289847341,49839.95758585563,53441.50387570297,358.0601127048829,395.8164323187805,,,,,,
lc_0144.txt,8.225059217220405,17904.426706133556,17896.201646916335,361.1559676974956,329.9744014635395,,,,,,
lc_0145.txt,-2796.1023876199106,44871.671579722526,47667.77396734244,335.14477587365064,389.165407794196,,,,,,
lc_0146.txt,-501.6760318008485,1729.9834846063766,2231.659516407225,327.4200384813734,640.9447016262022,,,,,,
lc_0147.txt,3118.236169103686,31467.50596450006,28349.269795396373,394.8185606345873,638.1219403437597,,,,,,
lc_0148.txt,2453.564201983965,39443.11597728962,36989.551775305656,397.4357961925775,330.0919849835709,,,,,,
lc_0149.txt,1470.3614589483586,27477.206159419435,26006.84470047108,335.8837394530894,312.3283091772305,,,,,,
lc_0150.txt,-2231.380457992289,6877.320402163216,9108.700860155504,355.1983249489435,500.31859155300776,,,,,,
lc_0151.txt,-2840.14235573294,18810.74927488158,21650.89163061452,369.661892593868,473.6393179200839,,,,,,
lc_0152.txt,-5449.640577174818,24755.798223395264,30205.43880057008,371.34712414678313,383.5161936887409,,,,,,
lc_0153.txt,99973.49431859616,549422.5461123704,449449.0517937743,407.2188043024138,614.5588380837214,,,,,,
lc_0154.txt,-52138.35369767909,186679.06835189636,238817.42204957543,287.3324274739318,507.1441669590004,,,,,,
lc_0155.txt,-82.90555217961719,2319.2193067656112,2402.1248589452284,352.64602992378906,830.5531635468396,,,,,,
lc_0156.txt,3735.554794882819,12646.296817592693,8910.742022709874,444.1595927448596,486.5555384708176,,,,,,
lc_0157.txt,-6993.6873325906345,31278.01794964599,38271.705282236624,386.0852930452539,212.7390825851016,,,,,,
lc_0158.txt,-2645.064564074997,12485.040846922975,15130.105410997972,422.1927404274572,559.6188883950417,,,,,,
lc_0159.txt,1648.8554304391437,13968.052523491617,12319.197093052471,409.2963501938507,426.9402174380187,,,,,,
lc_0160.txt,1517.9728622847488,13735.292979251935,12217.320116967188,336.28324464589514,410.1834254943498,,,,,,
lc_0161.txt,-2582.982904819786,26984.86780984394,29567.850714663728,350.4630973985097,397.50191279528747,,,,,,
lc_0162.txt,-30397.69504707692,44083.80331118805,74481.49835826497,404.5147612486217,399.55964000482834,,,,,,
lc_0163.txt,-4997.196882984652,30849.564229547577,35846.76111253223,395.71690397795913,393.3356349808042,,,,,,
lc_0164.txt,857.06461017732,17784.76453988126,16927.69992970394,466.3296095587004,447.1852593678836,,,,,,
lc_0165.txt,1906.501846639476,44512.46435809274,42605.96251145327,469.8832941995067,311.8243880159793,,,,,,
lc_0166.txt,-455.6400809821789,20020.767717445902,20476.407798428085,371.59659404849697,384.8147909149597,,,,,,
lc_0167.txt,-615.6220993612224,23004.835502444217,23620.45760180544,419.7256007334893,464.5307606269468,,,,,,
lc_0168.txt,-1423.7836254630529,71410.57456669523,72834.35819215828,396.1453321856451,500.5041855284524,,,,,,
lc_0169.txt,787.0400755828327,3325.47460716278,2538.434531579948,324.61160982372184,340.9045495548912,,,,,,
lc_0170.txt,-20.60958556849846,2112.9548240672625,2133.564409635761,358.1042017044159,330.89566676914444,,,,,,
lc_0171.txt,-3138.337663520309,22857.5807025033,25995.91836602361,408.5298344333297,401.4529877297209,,,,,,
lc_0172.txt,2587.237276046506,10954.77397773114,8367.536701684634,361.4537667123443,512.6459600227887,,,,,,
lc_0173.txt,8445.796520353993,45110.78799984492,36664.99147949093,375.5744699952312,472.55921305342633,,,,,,
lc_0174.txt,-74226.79022285476,329851.60833910864,404078.3985619634,665.9521641122503,403.2242443404589,,,,,,
lc_0175.txt,-11170.8914772742,29273.41607557117,40444.30755284537,322.1150976122576,397.7240629720934,,,,,,
lc_0176.txt,-1471.4652594052611,7129.547339147109,8601.01259855237,381.21724915298233,357.64636224831094,,,,,,
lc_0177.txt,-346.39336642222406,18164.38719693244,18510.780563354663,328.0342521347898,372.38294310743976,,,,,,
lc_0178.txt,2974.464483849013,10450.380090464623,7475.91560661561,575.8115563605829,280.81220646457655,,,,,,
lc_0179.txt,-1778.9834114298285,31943.82476450808,33722.808175937906,327.0392956152172,330.9595513013017,,,,,,
lc_0180.txt,-22275.137035622232,57941.86155614958,80216.99859177181,499.7069105412126,451.1296492460917,,,,,,
lc_0181.txt,-8401.729493710896,50921.65997727508,59323.38947098597,359.42109363355826,221.65186942403477,,,,,,
lc_0182.txt,20303.80540148957,55096.60951227149,34792.804110781915,374.4735064196604,287.0222341726173,,,,,,
lc_0183.txt,-5916.9849065411945,28474.04007815135,34391.02498469254,398.01303779644434,582.0044865500079,,,,,,
lc_0184.txt,-14311.912351841003,99970.87582581182,114282.78817765282,403.75787501023206,405.3563276313793,,,,,,
lc_0185.txt,296.11110932768133,10546.504022098236,10250.392912770556,357.90958437923337,422.7891474356927,,,,,,
lc_0186.txt,-1685.1422257454233,15700.352722632477,17385.4949483779,358.9783888462325,326.0917645391329,,,,,,
lc_0187.txt,7127.703861269751,330413.97641611873,323286.272554849,395.3340891927364,463.1694684211782,,,,,,
lc_0188.txt,33321.10543191989,107089.26817787703,73768.16274595715,453.0303847513474,436.5778388327735,,,,,,
lc_0189.txt,-3025.5721536276687,59284.266733538825,62309.838887166494,392.2233664498551,370.6969956062864,,,,,,
lc_0190.txt,-1337.317044525278,5897.713607600354,7235.030652125632,334.4962755078981,369.9689269658416,,,,,,
lc_0191.txt,-32233.469878504868,414855.70409789885,447089.1739764037,352.514677565786,518.137592443005,,,,,,
lc_0192.txt,-98352.24624687224,212716.66538732903,311068.9116342013,393.7769094413249,495.20302617544337,,,,,,
lc_0193.txt,-2806.037678192748,39677.38202853951,42483.41970673225,356.93991652600266,302.9828047859674,,,,,,
lc_0194.txt,14349.104988252291,74218.6087781191,59869.50378986681,523.0627870241325,1030.6846469859825,,,,,,
lc_0195.txt,-949.1038193358254,7710.36646200044,8659.470281336266,304.5370343890425,435.7569521554401,,,,,,
lc_0196.txt,1873.319462420452,18678.729243579,16805.409781158545,406.9888103568297,386.2418527910131,,,,,,
lc_0197.txt,301.54468177447325,2441.2947796441613,2139.750097869688,328.51768679926056,389.41086148799457,,,,,,
lc_0198.txt,30879.990247189475,220053.40537307475,189173.41512588525,372.8900580124232,427.52453307260095,,,,,,
lc_0199.txt,12796.315254065556,289574.2708279372,276777.9555738716,366.5883532632799,404.3229760018248,0.1156209588865646,4.869707239338917,-0.1262071740342931,0.0638531316313175,2.761736135830129,-0.1221565860431068
lc_0200.txt,-3065.817884917902,29980.187561609036,33046.005446526935,384.4515101913089,358.9913741288865,0.0331154364877218,3.616081435529505,0.0620033128835698,0.0356022555320183,3.19803906380926,0.0626579112969093
lc_0201.txt,-814.5534065220622,2766.916807852585,3581.470214374647,383.2643706698912,407.3505024824586,0.0159469193534985,3.7310889038678376,0.0042467784515587,0.0414900013387121,2.9908119855148807,0.005333634806944
lc_0202.txt,-3117.864115626314,4365.427598170462,7483.291713796776,395.45955039305096,830.9683447291761,0.0543258192508319,4.053277236017989,0.0021720802335431,0.0717867321664097,2.774742949385736,0.0088402570080274
lc_0203.txt,14242.013103921228,119613.36639356152,105371.3532896403,352.8193509585269,286.7978920362146,0.2104715021023021,1.7753472450466938,-0.1944633325965682,0.1042425192743737,2.445121766640546,-0.2115748418526717
lc_0204.txt,-32121.42605147358,75809.38671583994,107930.81276731352,405.3515945079855,547.078193096092,0.0976029112971096,4.098442909547984,0.0139540566324943,0.1800324102586571,3.188850330550953,0.0213842419717533
lc_0205.txt,458.9872486807135,7493.176937999523,7034.1896893188095,366.3059391430066,321.1061149321276,0.0208236505052252,2.295263163778406,0.0034048520872199,0.0079033004156886,3.2771531422060747,0.0015629953660635
lc_0206.txt,2452.073995532792,9751.394727840288,7299.320732307497,335.62879547298706,311.6874490432476,0.0383225195923268,3.397121528656025,0.0454677399185675,0.0591904002416577,3.333386859054347,0.043438819150789
lc_0207.txt,-668.5483073906871,8805.19744575685,9473.745753147536,410.63874805307165,1011.9010984755996,0.0584079018113638,5.517596268926239,-0.0025728823136297,0.0933577822150008,5.048112765107277,0.0041093121014973
lc_0208.txt,-73881.05344080867,225210.09099491697,299091.14443572564,417.4832354496916,564.458780356945,0.2129725537116088,4.6635346946920135,0.0490079320117304,0.3547374275353565,2.6964608700134707,0.0494263934065413
lc_0209.txt,40452.58036975222,143558.94175530295,103106.36138555071,392.7790361411523,463.2077358934866,0.2469114431786552,4.524322761113073,0.1379415854401595,0.0681213179290509,3.144226623884248,0.1533619250852919
lc_0210.txt,-161.14345426805812,27174.400809332063,27335.544263600124,389.0207464502861,325.4078876261822,0.1119082501651659,3.806879687022781,0.016637197785956,0.0362848068958582,2.766332134192576,0.0094482576494656
lc_0211.txt,47.33330848227706,14238.9534753834,14191.620166901124,364.7680193720567,408.9050562994551,0.0345880983255009,3.658520982132792,-0.0233282092796391,0.0384627341454396,3.085742922741664,-0.0242362428302709
lc_0212.txt,3213.8709100997803,48715.88761785023,45502.016707750445,358.665076120546,511.5627443101864,0.0874835329273657,1.902888621410693,-0.032983841209158,0.1008934378048221,3.1557984556794563,-0.0369314940598755
lc_0213.txt,19052.60744285582,54333.528093371206,35280.920650515385,360.494173078057,448.6116816781347,0.0971994129864087,2.8085183301490426,-0.0313218656680116,0.0214499267132546,3.4985064004920927,-0.0325530743334405
lc_0214.txt,2192.889564399158,11710.43500707655,9517.545442677392,474.64998508359537,247.51181216263848,0.0797431041105389,3.253933058012219,0.0816401717645174,0.0214872072443316,3.082938983662919,0.0711720997508981
lc_0215.txt,-35946.96614811028,234717.45507589792,270664.4212240082,372.6949488888937,354.28551162974543,0.1090326494020701,3.4446387235804043,0.1130991325874519,0.2545446530006277,0.1529459803969482,0.1164104723103505
lc_0216.txt,-1202.3799859116916,9533.685123792631,10736.065109704325,320.39088737725194,562.61978488582,0.0200160903403427,3.717929016444827,0.0046732393904417,0.0642859711465981,3.427699347120612,0.0072743032148906
lc_0217.txt,11228.62184964802,49284.04989503663,38055.42804538861,340.41574975360874,339.6104453942572,0.0901627973751555,3.445500511473843,0.0410900044131017,0.0559561298126187,3.095865563183083,0.032760273247071
lc_0218.txt,4526.91526441988,29150.45051049676,24623.53524607688,391.3704139386041,292.73243852692326,0.0596074965175788,2.83627888242722,0.0357106707092544,0.0153611152742353,2.1115766076016684,0.0354748826076981
lc_0219.txt,-1660.825889046323,5284.483218586194,6945.309107632517,337.0547552520924,395.834568947878,0.0355589840368026,0.0062307298653997,-0.0310703783883578,0.0659650596983602,3.9040726225865647,-0.0241935309965637
lc_0220.txt,-4717.04768389088,203239.7581352573,207956.80581914817,342.9556339623806,481.5604286524535,0.0643859522814197,3.090694197942178,-0.053099107531987,0.2748375194869369,3.2591704186547443,-0.0366220890457116
lc_0221.txt,-10712.561493249175,15369.239920788405,26081.80141403758,407.16051948489,294.5113070286771,0.0805715599711363,5.230479566894454,-0.0536245483158381,0.129118497160288,3.37526233377547,-0.0557785319780185
lc_0222.txt,1549.6685731768612,13297.878058793443,11748.209485616584,350.208157949789,344.78462657787753,0.0243124480698814,2.8535066739691795,-0.007235169105194,0.0146453999313075,2.726361120976093,-0.0079552274415482
lc_0223.txt,-345.720503876415,26114.049052661845,26459.76955653826,342.53141196901976,608.9852816946985,0.0271463202687971,3.337103679069648,-0.0213499376684835,0.1033480058531089,3.095429451306289,-0.0196475076850247
lc_0224.txt,12679.718982122744,37731.77894484613,25052.05996272339,454.0579239411092,306.8364680324055,0.0978005426112183,1.1025712523629203,-0.0530660732186179,0.0510298573275732,3.472237047143772,-0.0394104231836969
lc_0225.txt,-11623.337667093116,101514.27187508187,113137.609542175,383.0845287660467,544.5841730118738,0.2438282100871516,1.03082977838114,0.0091152041799974,0.3204867609264168,3.229416564686192,-0.013162856908188
lc_0226.txt,677.7583268223607,36432.81957724617,35755.06125042381,376.39406827879424,357.7718627750906,0.0585232388138822,3.040076483722103,0.0096351261837517,0.0250710817465206,2.6656735900177204,0.003737468719196
lc_0227.txt,400.92897226297487,1778.987645964149,1378.058673701174,385.7024859733393,362.9392149600029,0.0326277568562596,2.4652951121473805,0.0845473083706621,0.020528366368595,2.721134411199218,0.0754093197885355
lc_0228.txt,774.5647965524731,13221.54240405852,12446.977607506047,383.963373891246,488.2269659200131,0.0292504502767698,2.7488184867485157,-0.0681447847545228,0.0155373308429477,3.545218680088482,-0.065974551678413
lc_0229.txt,3631.238576873879,19358.239757580348,15727.00118070647,557.5477472824118,326.860282591642,0.1222299678547228,4.508447230649631,0.0167565952988475,0.0230950481036479,3.274048909260604,0.0318001318014927
lc_0230.txt,-148.32808363612455,6034.286117138625,6182.614200774749,367.8351826639897,318.8821130991957,0.0343783571165548,2.6303542970734046,-0.058781772611339,0.0623314483696808,3.934906363009656,-0.0594938691094855
lc_0231.txt,845.972595964261,4375.131580801621,3529.15898483736,445.7439901941107,456.2888198359302,0.0262260925799929,3.428352723242277,-0.0019258334951835,0.0140081787348479,2.788778516067557,-0.0039247546477461
lc_0232.txt,-16922.916808724833,64800.52679632177,81723.4436050466,371.429537356016,393.37924353410455,0.0929297323874345,3.051976860247485,0.0356419440128001,0.1280049042896971,2.939024425339965,0.0304568273719129
lc_0233.txt,-14517.41426775138,65517.92351127987,80035.33777903125,356.4566384494222,435.53990007421,0.1629566349934636,5.903181219590191,-0.0123952773248451,0.1932725210641767,4.658616166370583,0.0159750218326752
lc_0234.txt,-2316.6078797678783,73730.9268942013,76047.53477396918,374.4192954361721,494.87288787576097,0.0888062620161718,5.272412574762169,-0.0222830805625951,0.2091392522294604,3.0468435071385804,-0.0055975104987421
lc_0235.txt,-1128.304754180006,12166.28165738156,13294.586411561566,357.55729945647454,479.3535144760942,0.0329339848081743,3.844725214976159,0.0688349047641397,0.0403663308435144,2.69203383111029,0.0695367796749476
lc_0236.txt,-3871.794601127098,216032.3638505055,219904.1584516326,353.0313941725051,438.9473082353414,0.1471486151124843,5.318544554732525,-0.2464736734380382,0.3527286730503163,3.094757452432547,-0.2369498137088224
lc_0237.txt,839.3912758049555,35511.06928885871,34671.67801305375,329.4305894764568,349.5980566396102,0.0350209637396809,3.107277890014446,-0.0013796343169414,0.0459134797300844,3.1999462851119813,-0.0014841204171208
lc_0238.txt,-3248.285692309146,75497.52072105624,78745.80641336538,330.6814326938708,352.502402643215,0.0747702379580435,4.499134945975945,-0.00825640832416,0.098746000095648,3.078988646532465,-0.0100739928906624
lc_0239.txt,-3708.15173068711,47043.78069583043,50751.93242651754,363.2736329681156,439.8424254573285,0.1140368711651441,1.3804127242857975,0.0964604840131359,0.1007810225937792,3.3037753080004872,0.0903063736257869
lc_0240.txt,151.14042268112348,1731.094918690476,1579.9544960093524,406.3423316759514,319.18420849214385,0.0243207588546301,3.294332272055021,0.0041510858944113,0.0076819148413041,2.976533987806906,0.0048965338695478
lc_0241.txt,5101.562297497716,25740.68323177074,20639.120934273025,374.9838173374813,437.4845673760125,0.0485014426010718,2.803784287623505,0.0998219061762339,0.0296666609460617,3.1444584448085613,0.0944132623359818
lc_0242.txt,22436.339530035744,45519.31163579183,23082.97210575609,540.0965443300958,352.88873855853086,0.173993425906902,1.3109104758031087,-0.2026076752713736,0.0811823864279321,3.562191050655352,-0.1919812806029724
lc_0243.txt,-173.88516315977358,9531.142990325292,9705.028153485066,340.11008248515697,468.2522270219099,0.0203261201640685,3.464273550130259,-0.0058567528459843,0.0636409011744446,1.5512772610048478,-0.0025836369625084
lc_0244.txt,15336.83414797159,126814.7191865425,111477.88503857092,396.1632638117697,339.49824325005096,0.0922946092987359,3.5095565386535443,0.0589130701878897,0.07413759791511,3.1074922108964964,0.0576315989160684
lc_0245.txt,-338.11122022831114,146640.32615201257,146978.43737224088,355.6260831234844,331.8574016309426,0.0493008814534875,3.7974743609883577,0.080907038340187,0.0171506032546641,1.047196704710753,0.0818925813213339
lc_0246.txt,3798.28506942061,20681.853015178403,16883.567945757793,400.7159054012905,319.5804136620692,0.0669920697543008,5.44164259286767,-0.0313790194093854,0.0165468122385237,3.025503217950885,-0.034835805658795
lc_0247.txt,-166.90372476770426,20696.221937982227,20863.12566274993,376.2532479863065,353.1584815241413,0.0557092199115345,3.3790809928456,-0.0186201877684475,0.0305382449819904,3.653630458455628,-0.0215732293391028
lc_0248.txt,-4725.684835297361,20394.433122393573,25120.11795769093,395.24691117361584,389.451679574336,0.0491312664536417,0.9668700996428318,-0.0270648003467911,0.0953359024817411,3.4563343720656285,-0.0235306370634296
lc_0249.txt,41936.06073431832,85044.16218420304,43108.10144988473,481.0616234261437,301.94964629245794,0.1873113931742156,1.2484391488449469,0.0670328551716442,0.0393808369927583,2.1777914003896863,0.0973640757754044
lc_0250.txt,-5053.808470380478,110145.19412993932,115199.0026003198,420.9489158777776,716.2065663172377,0.196223620653601,5.103349914583467,-0.0527424661468379,0.3042810753057779,3.164125068400714,-0.0447674349372409
lc_0251.txt,1130.4992202588146,23690.39038606442,22559.89116580561,334.9894708955581,385.7039202749773,0.0549501939659127,3.079805341909584,-0.0430805623560879,0.0218067385517637,3.0813713082404925,-0.0467699054122
lc_0252.txt,-1380.2486562603626,14554.699397097153,15934.948053357515,333.1778603318885,256.7494433045541,0.0417429884043759,2.523625177973027,-0.0338220384086888,0.0196851628322057,4.431155094913076,-0.0313948213160778
lc_0253.txt,-6218.300199971872,3512.1730223707755,9730.473222342647,342.1446543248364,802.8400550776194,0.0781185111241073,4.968535105247373,0.0058808875968227,0.0998718537342732,3.2012602237824823,0.0093043148021804
lc_0254.txt,-41732.84545018789,238708.66129992605,280441.5067501139,379.94974796153247,517.0783760770654,0.2693856063781072,2.3132672614945737,-0.0231137045564366,0.4485762875273054,4.905974411190505,-0.0197152053462609
lc_0255.txt,4059.9833228292846,109970.4101137452,105910.42679091592,323.83592676093485,404.2894852420105,0.0645689808472522,2.799964776378572,0.0124695208221809,0.0672158985447298,3.081377722756849,0.0126895545749089
lc_0256.txt,2862.52241128542,97064.53265048796,94202.01023920251,350.04144085349225,343.58591607632155,0.134443512453977,3.94409814353916,0.0837224749252483,0.0178957790639408,3.071373449898504,0.0772261839227621
lc_0257.txt,-548.1870511392463,4890.586664149931,5438.773715289177,380.1644264898249,506.1784264793597,0.0543029403629927,1.3007101005385855,0.0907724362978632,0.0550941561754457,1.375560340122569,0.1018862300914234
lc_0258.txt,385.650957313326,1795.076989391294,1409.426032077968,361.06906114561815,266.12587731494983,0.0291002098680483,3.231254848832263,0.0112581694145155,0.0092477420849183,2.7580979347614814,0.0062339168161815
lc_0259.txt,4842.930880901717,51465.42464877141,46622.493767869695,359.7104749527048,512.5388988165289,0.0981960515297778,3.292301285622936,-0.0066462728893934,0.1658075867463214,3.4333707232167607,-0.0037984607983702
lc_0260.txt,1215.3630904867523,3768.6530891966895,2553.289998709937,381.0742752900461,811.9193249748836,0.0415339055708836,3.9082500093393855,-0.0245199046114113,0.049616836929031,2.877091378671743,-0.0275925029525695
lc_0261.txt,1874.3919131793064,6521.45151911615,4647.059605936844,388.4442457240528,330.40133436782264,0.0482174867549416,1.5364374582203728,0.010358993137537,0.0335295264687485,5.079685542881971,0.0098276119014175
lc_0262.txt,4869.395780394669,74950.60211275239,70081.20633235772,351.4329799186243,410.4225828802651,0.1950964384624186,5.825052622742485,0.061016436305752,0.1248915507481683,2.761799001761774,0.066370746883188
lc_0263.txt,23384.222039356595,217387.19577704355,194002.97373768693,334.8379970172735,241.1185268331145,0.128384384573157,2.971397368112489,0.0359009037574222,0.0899241963602814,4.542903143993476,0.0284508199856808
lc_0264.txt,-1132.8333782491864,15627.529909750729,16760.363287999913,363.6167654240326,578.6158069221581,0.0384716725412424,2.069838768266492,0.0182260478000565,0.072379219463552,3.144429093811912,0.0212025337506938
lc_0265.txt,11304.78683528822,106862.49088152092,95557.70404623271,379.1098043736746,491.29561811645743,0.0901963934243996,3.036628753440981,-0.0201263761084551,0.0459092940491961,3.11179520409137,-0.0234644568598631
lc_0266.txt,24905.818848885872,72477.06232003536,47571.243471149486,449.03235546066935,305.3439384491272,0.1947198732436178,1.331538554665884,0.0204119983644299,0.104032338801143,3.352603982675336,0.0348060418345104
lc_0267.txt,1648.8444558127994,20976.758171228284,19327.913715415485,380.8850329795959,574.3489412248766,0.0500936849504508,2.60182490286008,0.0889007666981607,0.1119581975295754,4.082250737533689,0.088735445041109
lc_0268.txt,114.29352687947494,1147.0584081432612,1032.7648812637865,381.3791421755248,348.2622070911671,0.0283543409185266,3.021531407021089,0.0391060008454935,0.0150149882598565,3.8425697604274096,0.0344464585278164
lc_0269.txt,201.6182209347244,10601.2918867947,10399.673665859977,373.2505953841485,294.5117455449599,0.0273868600132793,1.8056669444034696,-0.1004882173503375,0.0065432419842023,3.14093528612265,-0.0981648581123508
lc_0270.txt,-2934.7026341753444,12434.251913450951,15368.954547626296,330.0552502176171,408.5587143092637,0.020466740284591,3.232641007077926,-0.0059654532319785,0.0560140142974431,2.6487021724641013,-0.0044414119213794
lc_0271.txt,-79962.12461064363,158742.88418570097,238705.0087963446,502.6848375886499,555.7759688836537,0.3190001515500743,0.1045655136481117,0.4264357752308929,0.4019900917045056,3.347157075244047,0.449604338149015
lc_0272.txt,44520.22617617287,143039.12850958089,98518.902333408,383.2281900780818,242.24891070847127,0.3010505313686283,2.4054360880574346,-0.3372382358160371,0.1324007716848225,2.9331943748668023,-0.3386172339964622
lc_0273.txt,14736.432074636905,65529.10924831281,50792.6771736759,475.7155603092888,216.0002497093772,0.1855875867929906,4.573638229839256,-0.1520784050600388,0.0561001761674191,3.36938560223797,-0.149136599511182
lc_0274.txt,-5340.608730486667,27160.33766402852,32500.946394515187,320.4802579599617,488.3498863444009,0.0477711953962479,4.449876488291026,0.1425837337352923,0.1325571232435634,3.0824900640793853,0.146928654788491
lc_0275.txt,-2529.4238298873643,20755.8597121032,23285.283541990564,388.2543741796884,533.8738300473813,0.0479934703796526,1.0981861012199556,-0.0323132528480275,0.0985841621908083,3.2166426415795635,-0.0289744539489989
lc_0276.txt,-15150.872489300227,34577.872902285184,49728.74539158541,320.5421179926448,450.2180097556521,0.052423295891165,3.1219334394841365,-0.090869800021231,0.1333367962312282,3.5384851129250263,-0.0876693090207443
lc_0277.txt,26565.85651583564,125801.95334887602,99236.09683304038,344.96789512634257,572.6677424170548,0.1525593555986529,2.6157473905256983,-0.0589183134721401,0.1991987166216497,2.891080357798573,-0.0695045672790612
lc_0278.txt,3530.128714856375,12358.623766209888,8828.495051353511,426.3537919408225,397.9066799044758,0.0781243916470291,2.070336312145663,0.0285985243738401,0.0379524932900107,2.9309858190821183,0.0321776451192408
lc_0279.txt,74062.21298194163,90379.42357292632,16317.210590984692,826.6716239056732,646.2942674692061,0.3155947776296357,6.16355491649813,-0.1300441520663202,0.0918750239683915,3.0487833991449937,0.0289645371648727
lc_0280.txt,-5298.892528989847,26678.77272989155,31977.6652588814,403.4290291418254,522.702797254944,0.0395990091310256,2.3679323335693763,-0.0250853913898545,0.0519627580955817,0.7606371305662981,-0.0256835467068928
lc_0281.txt,667.7392903622822,8050.631752415939,7382.892462053657,381.0848660685848,302.51410966907827,0.0296241788549397,1.806863433755688,0.0144470802993679,0.0208508985058768,6.130101126713837,0.0158854339619938
lc_0282.txt,2055.1606582012173,8989.730076288588,6934.569418087371,333.1865208949517,425.41484034500667,0.0479775860375157,2.8000607288449983,0.0159376966854019,0.0786849517573846,3.3910403581174093,0.010482606453181
lc_0283.txt,2687.620557074973,71319.19039035347,68631.5698332785,330.7777950634334,403.5810084645672,0.0537672536004822,2.623862916907306,0.062053487302513,0.061753490444207,2.7447962618817945,0.061061163693478
lc_0284.txt,-48223.384365206046,114316.30163831958,162539.68600352562,379.3237304197162,455.1613230493312,0.0955566296129679,3.8710035513686414,0.0307370405545552,0.2558227377683183,3.589039100358142,0.0405527484341547
lc_0285.txt,-188.8875423692261,15973.76564008042,16162.653182449643,341.69969020136847,469.7359285265426,0.0312900660006509,2.85750207802363,-0.0019312871598858,0.0253831863091477,1.8653020076929552,-0.0033944970173275
lc_0286.txt,-1240.2043388164277,5853.5968012795365,7093.801140095964,374.85606770655374,527.8498454106383,0.0099609541397566,3.323422988526132,0.013578467582354,0.0458147632403931,3.383771826805604,0.014750065327454
lc_0287.txt,1461.6275434638155,11610.00901847584,10148.381475012024,404.4238072836391,317.7663625146617,0.0457400671275335,1.6480630854737863,0.1324401383330419,0.0158667857509847,1.091462398193346,0.1356720187657189
lc_0288.txt,-6033.703497086222,37285.184314487415,43318.88781157364,330.521111029244,373.14003345768657,0.0718711656108279,4.445859701838308,-0.0004137462518409,0.1476026530870907,3.9149389360824247,0.0118228304293309
lc_0289.txt,-140.9432786347843,5469.924172115792,5610.867450750577,356.8144613316436,270.0206918892497,0.0421721355698661,3.223272117894434,-0.0346576800767409,0.0102528396769733,3.3368759082811765,-0.0360012394450469
lc_0290.txt,-600.7474299116075,31627.907513744634,32228.65494365624,382.92717597337327,384.159903978292,0.0553507410782897,1.076378095479347,-0.032204812205533,0.0711003161834821,3.077122879136007,-0.0267620435956119
lc_0291.txt,-503.50727996093474,2432.3461585325367,2935.8534384934715,312.4618251805192,370.2846407825623,0.0145667615067953,4.471697533211998,0.0322862905490948,0.0261113079638998,3.386938893906345,0.0334559780292745
lc_0292.txt,13379.02918487817,30216.85092429293,16837.821739414758,419.6617128678441,290.92910151619753,0.1494605812650316,1.642303972969467,-0.0202452989480917,0.0716844105244954,3.928586544320872,-0.0340751896921635
lc_0293.txt,56.6477593130212,3147.332951489223,3090.685192176202,345.3600621125731,358.0095038426014,0.0432738339971496,2.699072177325045,0.0013799903116501,0.0214507870274729,2.899710312074698,-0.008919645931702
lc_0294.txt,-3746.2496639812543,9272.614032546247,13018.863696527502,339.4652245378802,362.2120455083061,0.0251555672498356,2.405701894412317,0.0061583130221626,0.0697262843174451,4.733693813295991,0.0066413234552108
lc_0295.txt,983.6173827412696,8658.734941056813,7675.117558315544,488.8176971849372,380.23805685505727,0.0606732938131935,2.9718795092294963,0.0023476910241959,0.0246520637619602,2.1634822360963737,0.0006809008264674
lc_0296.txt,902.7878712514594,5805.21449327708,4902.42662202562,333.0663491678491,399.5082736870093,0.0284703948786319,3.1206545146028515,0.0413504553354338,0.0201439723021026,3.4022413099244746,0.0391556284285257
lc_0297.txt,-31374.98920024745,317522.11238416936,348897.1015844168,342.952685666892,543.5776660153377,0.0999319102503819,2.8273133906396963,0.6517581525975762,0.3017378407955787,2.7553401007775324,0.6566099466836459
lc_0298.txt,21608.717183071843,102404.5072491833,80795.79006611145,372.7853316258437,385.8909797633193,0.2227607710175889,4.372045067569064,0.004226810576979,0.1215399759597218,3.1125817823539745,-0.0146420193227562
lc_0299.txt,8809.168987558005,80551.25780806859,71742.08882051059,328.224633819311,387.5396676349116,0.0973268505129418,3.286323607249883,0.0156685623923763,0.0438733683675573,2.7760803547997943,0.0134835794090416
lc_0300.txt,36347.61189101768,113782.9602886363,77435.34839761863,478.3083800853344,595.1526449931534,0.2018313388208469,4.238106317115242,0.0770966430469608,0.2100629371793818,1.936804350873211,0.0631728372800305
lc_0301.txt,711.0805481483985,13198.052068573936,12486.971520425535,396.0328088037981,319.3212420429078,0.0225314634746142,2.643301844470855,0.0278348461901457,0.0174206796655631,2.62999152538277,0.0271659175088676
lc_0302.txt,759.3117930860244,24164.385091742108,23405.073298656083,321.37757013268924,222.8110176158428,0.0339662378655555,3.307550357135833,-0.0790923846249155,0.0222663749749321,3.13736188950543,-0.0784432004460793
lc_0303.txt,-1283.072921869454,63013.40883885096,64296.48176072041,337.78829551528787,370.0968314889218,0.0644592407048882,0.1739749283433189,0.0220534343209636,0.1071556839733394,2.9186102306840653,0.0221546900846007
lc_0304.txt,-858.9417542210285,20599.846266600376,21458.788020821405,380.0443320285908,319.3788446229393,0.0379060253180468,3.131582345552412,-0.0001458204572347,0.041444578131957,5.522229617829782,-0.0028757551907782
lc_0305.txt,31577.456887889115,70661.6208278313,39084.16393994218,364.1511572393438,516.9039269915281,0.1893928510073445,1.778489754722859,-0.03680398904563,0.1650195982304794,3.157128303388418,-0.0523453983848273
lc_0306.txt,1449.259389781002,8191.048466744904,6741.789076963903,346.6333462758836,264.50884855646746,0.0423097556907914,3.539562052890185,-0.0335866068788383,0.0053275798337718,2.956175732994532,-0.0336736988951498
lc_0307.txt,-4323.218366035455,11305.40212640889,15628.620492444345,499.8062835429227,562.0962695751944,0.0795655662459614,2.9044488229886336,0.0543712970385799,0.0879872780224498,2.153941921158517,0.044258430892131
lc_0308.txt,507.83674613029416,3760.787620781995,3252.950874651701,295.2855436869989,373.2813499980074,0.0237861114380121,1.4138924540754556,0.008383323096732,0.0117006528205428,2.1463891910345305,0.0088931401547078
lc_0309.txt,-451.939230848945,6193.471147291376,6645.410378140321,344.02423376358024,322.7036519140877,0.0227729682784442,2.7180496136597325,-0.0245867683035443,0.0495628792567187,2.389959316922849,-0.0214377173525602
lc_0310.txt,2576.332965500129,20682.07500782971,18105.74204232958,376.9387356597581,343.67753107075765,0.0693956901134699,3.446663043487261,-0.0267270974438461,0.0218578947300316,3.076974319751712,-0.0248138474157161
lc_0311.txt,-195.28151770521615,5520.5822006424605,5715.863718347677,360.85134540403743,252.4785256569605,0.0201148533891446,2.768664744114394,0.0098300919164718,0.0034723983962324,3.061124880311548,0.0077962592787028
lc_0312.txt,96.90565236559996,23891.2973784179,23794.3917260523,327.1847200496815,388.5705636143976,0.0392144923064181,3.8767039415898568,-0.0797166635770225,0.0727544541631418,3.161955438121129,-0.0808509692476662
lc_0313.txt,-490.82492891527727,31349.44813654069,31840.273065455967,367.8453393219447,763.3066949166439,0.0406367440264894,2.940763203248112,-0.0219334473810511,0.0421879831768417,3.1005048323625357,-0.0251843349332035
lc_0314.txt,-23337.72687056454,95174.69724520927,118512.4241157738,414.7082695045329,293.50417306836823,0.1057832066822906,5.148801848683096,-0.0589050192296021,0.2270792052830695,3.2881632473883355,-0.0503232078146451
lc_0315.txt,-4726.662006095512,8499.890154765666,13226.552160861178,392.4273851691975,351.5937765853982,0.0366542720730389,3.951297075511504,-0.0228050800065909,0.0696927700766065,2.7362339116173517,-0.0199246809540073
lc_0316.txt,1691.7920708740205,47485.28678733101,45793.49471645699,363.7050839816637,419.1367424324413,0.1008130051037987,4.6765892696943245,-0.0977418758346126,0.1113392782313252,3.1802909358196088,-0.0960102841138935
lc_0317.txt,1924.754895632409,9874.783184686938,7950.028289054529,363.0336448896347,681.6912772716307,0.0580093675582628,1.4526712488881544,-0.0722748013549888,0.0817152532636042,3.222499261938014,-0.070734478959538
lc_0318.txt,-5204.703352740529,23834.47085493901,29039.17420767954,433.8688642614342,658.7872488052943,0.0782219651506186,4.895528863462344,0.0034219966756522,0.1173693218381201,3.3648779264770186,0.0035179791277889
lc_0319.txt,744.9859488323673,14456.48226443091,13711.496315598542,421.0173754493854,249.06446608209828,0.0607093776049063,2.190960146439058,0.0699253114032899,0.019172931630354,5.701380306875452,0.0651594342282444
lc_0320.txt,-232916.1699771369,706668.8649718745,939585.0349490114,377.3639946559643,305.9906964270547,0.1863666545551259,2.4465600163379158,-0.0263520934751803,0.5166186009132216,3.1981648643962584,-0.0279016850421053
lc_0321.txt,390.8703090503641,11876.198462539687,11485.328153489325,389.5329607577632,474.6364435745749,0.0525441491288627,3.0902217173371453,-0.007686543102392,0.0105431933865666,2.7933994171850367,-0.0089965921273538
lc_0322.txt,-36.00241740903584,8894.85819675316,8930.860614162197,367.1098849106469,305.4122700265264,0.0213363842550212,2.986642435159816,0.0002058671984814,0.0121943853479037,3.368756597539715,-0.001334942656957
lc_0323.txt,5524.591424581311,56074.47282628911,50549.8814017078,416.0059639545436,334.69311452388536,0.082966645633155,5.904065690518523,0.0446553376234225,0.0350352770858509,4.731065430468405,0.0534938925245101
lc_0324.txt,-11437.135434737547,29445.825905950896,40882.961340688445,321.2074373489989,373.2411510807874,0.0344016519721664,3.655470548996036,0.0559609881461063,0.1023976980069742,3.186512460959492,0.0590897549757193
lc_0325.txt,2099.0079323275204,45744.177683223694,43645.16975089617,318.4628220827011,598.8390424952358,0.1037041728415486,2.5480191660153437,0.064325793152457,0.1409689516828713,3.4676765604391337,0.0538940815079689
lc_0326.txt,-8208.48716056906,18027.755373798827,26236.242534367888,360.4866060245957,502.05129940400127,0.0315094511339971,3.4440179182257915,0.0247945945922594,0.0871997658969737,2.166982833569961,0.0267032581708203
lc_0327.txt,9553.437827371255,32295.72922581879,22742.29139844753,340.9140873755197,233.0260358530938,0.1337180372925039,1.821305865867059,0.0223756745492568,0.066043382286049,3.3615118888722075,0.0062781596008734
lc_0328.txt,515.8598368021685,4205.761132242104,3689.901295439935,372.97666266140567,421.7164679522125,0.0211625234241884,3.19694278166133,-0.0445279837840146,0.0174361065854663,3.1689780294266634,-0.0467151686039586
lc_0329.txt,1564.5123097967007,10821.495732232368,9256.983422435667,310.41746201693155,315.2854703653909,0.0241671659695716,2.891429773912755,-0.0390416454454129,0.0126238366913184,2.880972393342915,-0.0402565597131712
lc_0330.txt,5520.91466089859,119507.31817899668,113986.40351809809,316.600539456301,283.03668038124226,0.1405052444018537,3.756744504275793,-0.0824766633289707,0.0680143151212749,4.856394357949943,-0.0796875906129778
lc_0331.txt,1155.7485959401674,37769.94712115119,36614.19852521102,393.12105686028855,866.1061662455679,0.0956963687455717,5.18514891576865,0.0431268772046333,0.15137573555649,2.537749057502768,0.0432722970874346
lc_0332.txt,-4708.84210841087,88477.46286189623,93186.3049703071,341.361695192444,348.8984672497173,0.076280653743932,3.2583746312523525,-0.0727286397252877,0.2132398101345476,2.278687259523001,-0.0627927696312455
lc_0333.txt,1798.6508960971114,7344.900260781875,5546.249364684763,521.1621089871438,322.99515545833816,0.0818411007382647,3.032919487608865,-0.0608547607646894,0.0072155408724751,3.0707919576536065,-0.0581278577229583
lc_0334.txt,64.03836304274,4141.575977679431,4077.537614636691,410.6082351081075,293.23453945305084,0.0342186551189009,1.9276002058946309,-0.0065259515182755,0.0373571225833615,3.8249717206122975,-0.0082298502944384
lc_0335.txt,3958.23728071734,13748.57557241527,9790.33829169793,391.8300847627951,685.1112136688081,0.0872899826622693,5.1018103046941565,-0.0092327563174849,0.1343706565014713,3.2076891533409504,-0.0042663146266971
lc_0336.txt,-99.25359819808,6740.839088266986,6840.092686465066,397.8136285238021,297.8044196031872,0.029444810815364,3.0302619734684133,0.0010903936278887,0.0178098409761553,3.778882900965317,-0.0005174146772512
lc_0337.txt,1384.5279348444546,5420.056662971546,4035.528728127091,436.0448773603405,738.1539950902103,0.0349999694078706,6.049561642366464,-0.0382147434070263,0.0672182581198767,3.330508595703523,-0.0353851705913179
lc_0338.txt,62669.90606315591,239332.65918993088,176662.75312677494,366.7272634112732,346.97152487478456,0.128863816137632,1.2749736939137657,0.0227964713253364,0.1311194502810828,6.013509847437811,0.0232782731884396
lc_0339.txt,-20272.539328856205,72461.30417400537,92733.84350286158,346.6748518683042,321.83875623371785,0.1466084287661574,2.050244050170597,0.2090911504309078,0.1207941248877183,2.8493345941020185,0.2118202378304566
lc_0340.txt,-1098.0644965804286,5889.080043700772,6987.1445402812005,373.8685180112371,508.91297965287663,0.0170020366736236,3.0975724891479355,-0.0251812104411938,0.0306176297299159,3.2295255458823813,-0.0259096050763691
lc_0341.txt,14855.506249219296,389618.4720299793,374762.96578076,401.4934157112249,453.778680799735,0.2484100607445651,1.92421336924884,-0.0264554653828798,0.1722460731192748,2.7831457636703902,-0.0407144323609012
lc_0342.txt,1728.5477854566052,18130.377461239183,16401.82967578258,413.9163727774016,340.674681970671,0.0390611361148815,2.259156509219351,-0.0181398649909709,0.0122130500660615,3.3062704409307093,-0.0190867725351585
lc_0343.txt,14364.185660596651,32908.342793108015,18544.15713251136,372.53813021589247,385.1752242128443,0.0886062899785127,2.8958277004190878,-0.0866772747747771,0.0595810709373346,3.453644432212803,-0.0999751220160117
lc_0344.txt,9175.493560968258,169734.13801322482,160558.64445225656,397.920188825018,337.19067276737525,0.2494100130214749,3.3654605893565703,-0.2079419675575345,0.1329737962914966,2.937610928171679,-0.2364656977930997
lc_0345.txt,48722.03769588968,157840.47745598847,109118.4397600988,516.8519960173227,593.1267187775484,0.2762228951634505,1.5654733588740135,-0.1026252857790462,0.276889815131395,3.207952794961617,-0.1093466631443551
lc_0346.txt,31110.440891454982,116605.3043498075,85494.86345835251,397.8527682708216,427.6255193565476,0.1770950242971263,0.4792196104061159,-0.0940788095574804,0.0748303055560984,2.807507175623404,-0.072787721480671
lc_0347.txt,-1879.728465631448,11850.536290182972,13730.26475581442,396.883522598754,337.13634779206365,0.0429236825759109,5.292203254622334,0.0608410225470019,0.0690591891117985,3.648432135309127,0.0628177562743798
lc_0348.txt,-1531.1802475113036,9582.508737942777,11113.68898545408,376.42288513910586,437.1156805222411,0.0231370850319332,3.355046458702479,-0.0201969613880276,0.0722432870198482,3.781573747557723,-0.0185423930192777
lc_0349.txt,-33480.30742979809,191141.8723987592,224622.1798285573,387.3525479791502,417.6242320324203,0.1487015950224745,1.6209678402079457,-0.1196312465245557,0.2433722232322867,4.067580227128118,-0.1104643705559364
lc_0350.txt,-289.63934267608147,7112.405370752164,7402.044713428246,354.6291487399907,318.01030659945724,0.0496369921977408,2.113610876962164,-0.0529372331869346,0.022016584621019,2.3510624020679463,-0.0553143224814509
lc_0351.txt,185.7786313971801,7149.9220452843965,6964.143413887216,351.00003712358154,433.6819514505936,0.0191972837796047,3.708447158754215,-0.0384082588699373,0.0173172869749981,3.428524403614647,-0.0387372350299681
lc_0352.txt,-6249.139178718295,70012.96998684324,76262.10916556153,335.1311194573421,293.5758765776142,0.1978701544174557,4.438590595364442,0.0701134841092029,0.0616999506676131,2.977180177457098,0.0964581022811832
lc_0353.txt,577.6296051954455,3454.545841451505,2876.91623625606,317.6961225799921,329.0663437767034,0.0270140952910539,4.716580440694665,0.0709601516774294,0.0152604329710328,3.095097513809053,0.0722471885514056
lc_0354.txt,160.81107971155143,8617.071043117463,8456.259963405912,345.13963050085295,290.53745827807853,0.0151226311065172,2.7146364476515177,-0.0424740528517039,0.0132634063217775,0.0885237570100943,-0.0420854860329686
lc_0355.txt,2632.1013067144613,17090.63979506897,14458.53848835451,406.3937714720997,274.62879469062534,0.0606450714865979,3.228221458814528,-0.0278183484066894,0.025585476716076,2.855684770873056,-0.0369126248882339
lc_0356.txt,1684.9617720595306,29146.103931161942,27461.14215910241,353.04253196047534,288.3643169502619,0.0378383790085651,1.7485602132694102,-0.020432390733025,0.026132019747874,2.947306308148234,-0.0218291938559064
lc_0357.txt,-16432.79892136017,84907.16820312013,101339.9671244803,415.3753786087954,412.9729797261599,0.1558828397289365,5.337792453305686,-0.0132007735349478,0.2580651052414093,2.2466233137559635,-0.0097646474491897
lc_0358.txt,-18222.322442317207,72673.65682493092,90895.97926724813,353.21115230258914,295.7851193318505,0.0705404679029997,4.293798813819414,0.0300212393813953,0.1666570890806817,3.676235772373949,0.0393579513661743
lc_0359.txt,14949.083858334976,68464.04932185444,53514.96546351947,361.9792393094539,550.6219907328501,0.0943962629191357,3.0989253320194967,0.0767891284710393,0.1560904989776176,2.6568551855333182,0.0744258518932218
lc_0360.txt,-615.7638133690684,3255.9863194910536,3871.750132860122,328.8056608921382,336.9365322455361,0.0159289696324383,4.225202300284938,0.0077000792136135,0.0340676888114022,3.802144731906187,0.0113118268051608
lc_0361.txt,1317.368699470917,20230.14709828444,18912.778398813523,397.9405388280724,343.09080841393467,0.0579445359606805,2.4749467036791475,-0.0154155096790909,0.0353783950439472,3.338315457711976,-0.0148850905566414
lc_0362.txt,8432.34762661485,114022.06294460372,105589.71531798888,320.30573478942057,968.2381080591427,0.1712613583053459,5.930722317323872,0.0866655905460988,0.3188990406376332,5.258689903007631,0.1348969319224794
lc_0363.txt,-1035.3305104932624,18200.594281492857,19235.92479198612,294.353895015045,412.4045429673848,0.0325999223497822,2.9420500405107988,-0.0019257170101,0.0815086203685061,5.16674701239209,-0.0001468183036754
lc_0364.txt,7973.224808762905,70626.11002190845,62652.88521314554,382.805849983148,432.1776610150596,0.1142078438754488,2.88558326612016,0.0033689389725762,0.0258227032470586,2.908277956492552,-0.0045173982653304
lc_0365.txt,-51.46708217848664,7108.836328958103,7160.30341113659,329.7603490345458,362.44462790801,0.016014200170495,3.101801352840284,-0.0014971575036849,0.0097818699884069,3.195142154289201,-0.0013969682640894
lc_0366.txt,-18557.67361178284,354699.19404546457,373256.8676572474,413.3916917665054,457.2241042993604,0.2020706369127952,2.166903908321099,0.0745788036166583,0.1848087677189839,3.216635546693449,0.0540189631699741
lc_0367.txt,82.07048089748059,14870.249290848562,14788.17880995108,357.04939042345666,413.9997459712693,0.0259340473664886,3.2180580811018897,-0.0198206577024185,0.0200605268967097,2.873602115473811,-0.0209135511794965
lc_0368.txt,2929.894495015438,8632.33453902603,5702.440044010591,459.5637097788752,319.019916297738,0.0596036832894793,0.9198963095111012,-0.0668620203919986,0.0331778804579037,3.4390902518968915,-0.0556629658403308
lc_0369.txt,-3254.1910221347216,7489.120757438996,10743.311779573718,340.09440410970615,427.14702016019504,0.0243002798669391,3.204155128709288,-0.025876878706132,0.054973090525421,3.969234630521331,-0.0249470017403436
lc_0370.txt,-2053.7663127303786,19282.730957540625,21336.497270271004,308.72832686502306,424.46339322360205,0.0366602322446618,3.241126699928792,0.0084028266382689,0.0246727430170203,3.500786465520191,0.0070430946354026
lc_0371.txt,191.29609692787653,5115.595723123997,4924.299626196121,381.76682836264513,429.3773387844757,0.0212439162159198,3.2405787534091006,-0.0028695807488916,0.0350996137563867,3.441295715377237,-0.0039303569054966
lc_0372.txt,-1671.2763466264878,34342.21410055221,36013.4904471787,419.5722540569288,408.83822239977945,0.1382927010534403,1.979901919138252,-0.1049857762181477,0.084215218979363,1.8819516322899088,-0.1153144043063534
lc_0373.txt,4179.810981806255,21771.926754375218,17592.115772568963,617.3318015608044,471.9934260085817,0.1254169726901339,0.1951527039653355,0.0438189184560823,0.130044186158077,3.613091629745661,0.0545417019146192
lc_0374.txt,41619.96399290336,410836.5601927906,369216.5961998872,393.4574572202276,670.8940758876278,0.1560816832611747,2.42866023975706,0.0070351649969534,0.2419674265629835,2.94510449907189,0.0051667591393273
lc_0375.txt,-69289.50587577221,293534.61767558183,362824.1235513541,406.0852922898301,363.9306366977052,0.1119124224615698,2.8944010292322107,-0.2611461863103337,0.3562061136525894,4.077430020611873,-0.2535558449907466
lc_0376.txt,26561.171591097373,479684.3114675778,453123.1398764805,392.4875920085233,617.3264788169565,0.2488761914773627,3.2749170708456297,-0.0953433027312974,0.1970929458978089,2.7099740421719893,-0.0959542473893929
lc_0377.txt,63131.89476168732,199313.0033769793,136181.108615292,563.6832740010208,1134.002321117461,0.2330667876926908,2.549937058356988,-0.1670219353816716,0.0,6.2831843363922975,-0.1639925172877193
lc_0378.txt,-17228.867413091997,72349.58564765038,89578.45306074238,324.9538924315826,301.79366857429346,0.0613168572806036,2.908811954534564,-0.1570046888251855,0.1889997109027983,3.2534881556721844,-0.1568596569176154
lc_0379.txt,6882.562070445434,56848.748722384,49966.186651938566,429.1597145093373,286.13889977301835,0.0732258714923436,2.454739298540092,-0.0080187615976518,0.0358973418856109,5.304483455090238,-0.0023395173041631
lc_0380.txt,6249.950353088112,22050.331460070087,15800.381106981977,499.5704442701141,374.6251489499696,0.1050927035684776,3.691929460184379,0.214991551349016,0.0580689194633527,1.0220846258850076,0.2103582889029863
lc_0381.txt,1479.9209183192145,46712.834998180944,45232.91407986173,407.8420437316472,343.1761569559493,0.0951000659994295,3.443232703083416,-0.0011728491360059,0.0225158359494828,3.1152616045957973,-0.002405449298932
lc_0382.txt,-705.377794373795,15877.502930206843,16582.88072458064,353.0243673232411,362.83954369066623,0.0219900238313005,2.6591775879855626,-0.0376338220086799,0.0855104364048352,3.98482397466574,-0.0326424713926507
lc_0383.txt,-15260.039595268026,204950.4630958899,220210.50269115792,424.3919748485143,584.4772567393549,0.0965030887776036,4.034865805376191,0.0842107327372268,0.1217571338471715,3.2150634280045134,0.0843833444033265
lc_0384.txt,-15690.116519746778,187966.65969377523,203656.776213522,443.41522589052965,483.1602748224181,0.1510509703819109,3.244475705680723,0.0470892670737009,0.0982963897013146,3.789977638457778,0.0434656891082732
lc_0385.txt,26510.21684445409,51642.666241102605,25132.44939664851,379.5011479875634,714.7522254280664,0.1140681018646166,5.185650952095045,0.0773230067186887,0.1642051739962629,2.9655484351123618,0.0842521993171708
lc_0386.txt,-20109.6673021639,140900.00752988685,161009.67483205075,352.2011994602938,498.33561503675406,0.1366173255746371,4.688640302336775,-0.1680763873019677,0.2892709051793866,3.115530284788324,-0.162739697932444
lc_0387.txt,343.33499805945394,4224.915966788695,3881.580968729241,367.9468381606195,482.3858549185213,0.0450371938432316,1.1647924560656375,0.0634262985175947,0.0464103988563369,2.286182491805697,0.0681412553344275
lc_0388.txt,-429.85889455494,4629.965166620764,5059.824061175704,334.32231166464834,235.313053458827,0.0359228919075102,2.726333176037236,0.0438692701655877,0.0177934165792672,3.9650315798433193,0.0439294336597472
lc_0389.txt,492.55161529199177,7800.984643753316,7308.433028461324,336.91825982698174,403.5520764292489,0.0106106704381863,3.1804032795088566,-0.0199280853150068,0.0087746310610596,6.27322344287474,-0.0199949470845727
lc_0390.txt,-65841.14332966076,223812.95863288548,289654.10196254624,355.8680545292383,488.3479425016079,0.163407847687681,3.4890377183030243,0.0700456280083348,0.3224849090471722,2.9201137876761503,0.0681214831984369
lc_0391.txt,-8615.154361063323,182963.71666455868,191578.871025622,381.93801483784233,410.9074736295348,0.0930860633363206,2.710871638198741,-0.1607527333323062,0.24092732449457,3.383361768760305,-0.1599749424820726
lc_0392.txt,8719.880156715652,30152.17562292148,21432.29546620583,377.2423945539108,859.7656361571899,0.1605394711148146,5.701441412541856,0.0284528790057615,0.1450521446389655,3.130062843396196,0.0667352087668721
lc_0393.txt,2618.278720939479,13789.449684451083,11171.170963511604,541.7894574448095,455.6957126891368,0.1257472902385047,5.506153084438044,0.0268584099630688,0.0573258395876877,2.5917103908731463,0.041609719364214
lc_0394.txt,4369.037777274169,19537.39482614864,15168.357048874468,394.9598949563096,393.5346808481071,0.1120021872361428,1.774584257620465,0.0739496716786825,0.0663596993881519,4.918572006871427,0.0656924839226253
lc_0395.txt,-13426.834965389367,52110.11574214519,65536.95070753456,364.8556584877299,334.9594088994436,0.0353361628087753,3.242676759997189,0.050569946006438,0.1251122784979717,4.060396682165431,0.0537916317316216
lc_0396.txt,-284.0982171984688,8144.815970686741,8428.91418788521,350.6107993023837,427.0690944736666,0.044144966716428,4.121828755743461,0.0524869411615315,0.0746417747120503,3.5362628713522923,0.0573220771677988
lc_0397.txt,-179.0410956050373,4386.441236772299,4565.482332377336,376.74642687137424,333.66594860572803,0.0315625611022229,2.774297720600297,-0.0469322728001624,0.0204412178267593,5.465292993721951,-0.0490998393765002
lc_0398.txt,218.53600577191173,15727.393800899,15508.857795127087,376.8761763524074,491.84628981533655,0.0243310990428445,3.205566244739908,-0.0800720979860296,0.0184206047477823,2.782409927004507,-0.0817323999292304
lc_0399.txt,307.9985452364235,10278.613676607189,9970.615131370763,311.91387073839866,389.6026873991314,0.0447413710592897,3.654038094419664,0.0087569226087283,0.0230775264872153,3.754907340720875,0.0101557459456095
lc_0400.txt,-94203.23134595613,180389.64800412615,274592.8793500823,409.09695998533977,485.2556734876682,0.1360256607620247,2.939163895608255,0.0330964769658075,0.14700380819543,3.2488040468794206,0.027010299511691
lc_0401.txt,7728.55581694594,69824.9266888343,62096.37087188836,397.98504054361473,376.5472286458952,0.1795073221272692,2.682568792029134,-0.0108618539065625,0.0549181750377921,3.478415640765101,-0.0117597030923054
lc_0402.txt,683.0896927899157,3953.854047542172,3270.7643547522566,368.09252062099824,234.44950075427604,0.0322800907960503,3.1240611164947243,-0.0041490021232366,0.0099079605771342,3.4110514587548577,-0.0021013532052821
lc_0403.txt,-666.7877449342996,32671.214961753634,33338.002706687934,442.5521199094959,658.2020960897399,0.1243432392447106,6.083892566177711,0.0844498844093907,0.1848386937339199,3.5224395268012736,0.0826644288777384
lc_0404.txt,-3147.2121814630373,18843.258666283426,21990.470847746463,361.8953769767393,536.1179252307511,0.0404002480446654,3.136604201233954,-0.0093452357704226,0.0941406473127018,3.2892141775308708,-0.0089979155733299
lc_0405.txt,-312.3114996807162,27644.7485376385,27957.060037319217,339.55474062771555,344.7516275331403,0.0491095322193075,3.074772712265077,-0.0118181266075503,0.0548240619740609,2.7975183936975974,-0.0132917216988387
lc_0406.txt,-266.0505545548476,5099.201096575686,5365.251651130534,328.1875039600346,216.92769161813095,0.0374791123300632,3.862518017085132,0.0066202060738364,0.0151350345566172,2.851765391252828,0.0051063794849517
lc_0407.txt,388.5601878107409,32685.71576001386,32297.15557220312,354.5386987677581,437.0286612612128,0.0588233979254361,4.669521355441689,-0.0004972111626829,0.0257901168466454,3.4273748588293524,-0.0015838037066306
lc_0408.txt,-391.47464955179566,6625.465907481036,7016.940557032832,316.56621843184735,400.558526356159,0.0176490815516919,3.353884892807188,0.0021074699252528,0.0422738992069099,2.318090161395596,0.0022459047972876
lc_0409.txt,18294.831060897057,75491.11529710738,57196.28423621032,684.3697189401726,300.3051347162213,0.1860064622427683,2.8781080824038643,0.0813738556294942,0.0250659384955726,2.6307912461043257,0.0886256051889415
lc_0410.txt,-889.305944421737,1943.211617486396,2832.517561908133,378.7262036284807,678.6985267745061,0.0398738076664443,0.6837081864147088,-0.0141830047400473,0.0408319435164057,3.002448053812285,-0.014086856654907
lc_0411.txt,-682.3024873542181,3288.915231422683,3971.217718776901,366.2393575534852,444.3241657803943,0.016140011523503,4.873580946721767,0.0017791959810902,0.0449886712917834,3.2116562591505886,0.0044884148442789
lc_0412.txt,1041.690586145347,15217.214086334625,14175.523500189276,340.99571875534724,294.73347753641207,0.0307163536731655,3.077009436206348,-0.0116961430775917,0.02595465975386,5.632701559539982,-0.0119074613865603
lc_0413.txt,-6086.196520442965,22915.360475874957,29001.55699631792,396.1266240018331,407.58328977226097,0.0311878509537505,3.416121114016943,-0.0029018195298392,0.0937532084174006,0.306255737733514,-0.0012284559914915
lc_0414.txt,43571.459897205146,300115.2515834699,256543.7916862648,369.9999009125533,982.076739160255,0.1283786539222425,3.188982990691403,-0.0472366877373909,0.1036242387196099,4.828197759971975,-0.0534205928333769
lc_0415.txt,6995.76887652278,209754.28481789032,202758.51594136757,397.2561342725611,705.9005365010189,0.1003775958976445,3.384459696812484,0.0100853465053866,0.2844847667786101,1.9511080259049969,0.0115001519126932
lc_0416.txt,35621.17397512353,197024.1048997626,161402.93092463908,370.3013886158427,503.5655448687962,0.1976363752100077,4.450529384493441,0.139533979486504,0.3380991165331436,3.0016769519461306,0.1490258712230109
lc_0417.txt,48328.76232542397,199027.8888596938,150699.12653426983,566.2544594904796,339.9617060510039,0.2578694828884451,2.447829050354127,0.2377277876964146,0.0668630178230587,1.0471756523806328,0.2451734993553751
lc_0418.txt,3239.3940613754385,8664.8136081431,5425.419546767662,400.83632253916494,540.9837663225843,0.052239230165644,2.265480960832962,-0.0048117181245966,0.0609727676632446,3.2819198794491533,-0.0157140093161828
lc_0419.txt,347.2554511802009,4523.634949644631,4176.37949846443,300.48936572311965,370.5696882497052,0.0220686216127878,1.4768540479028491,-0.0086668062414843,0.008847156950376,3.166248097280209,-0.0081187224702858
lc_0420.txt,612.5566476615677,12507.09856463461,11894.541916973045,401.0937614047286,337.4918315752319,0.044289241155556,3.00338573652518,0.0216711941390405,0.0171746407706657,3.170950736087164,0.0190138555690481
lc_0421.txt,203.03154749674104,14866.840794135387,14663.809246638646,393.1798669304539,375.3413130337861,0.0347661556722114,1.8812775016184091,-0.0224738928280905,0.0153654174862035,3.8281500537090287,-0.0206904673678916
lc_0422.txt,798.2715784004395,18839.161328359893,18040.889749959453,391.8248385107038,351.8464110628776,0.1084879793005627,3.563276789295534,0.0086275137605784,0.0409179487281607,3.6279639602161096,-0.0044123335133202
lc_0423.txt,-4623.547430762483,40696.58798364832,45320.135414410805,365.5461874262437,424.8504792375901,0.0621136159321369,1.8526602330423965,-0.0385531377885575,0.107148526137566,3.219942650789929,-0.0353458130280132
lc_0424.txt,-58.56728857329563,6598.6378721692745,6657.20516074257,292.18130085001764,393.0238176192627,0.0252673425760141,1.6248751305502842,0.0147716997409313,0.0560138261515958,3.756654791276535,0.0141077936436149
lc_0425.txt,-1000.8710912978422,8798.447526152238,9799.31861745008,415.53867192590815,333.0353807164931,0.0358143081484735,2.337397071973214,-0.0195624538742436,0.0303795356689546,3.1944092607265016,-0.0222740900009094
lc_0426.txt,-20143.17413144093,135839.26584299954,155982.43997444047,360.3415617528789,333.1880628224069,0.1338901996388953,3.972631609536621,-0.0957915918457156,0.3424878923698594,3.793280093019226,-0.0744523334374228
lc_0427.txt,-724.0144172214405,11014.467760690672,11738.482177912114,363.9992361161411,417.43209532064606,0.0243089066370993,2.560440822253083,0.0200222504107704,0.0449734351062832,3.70938106826046,0.0211814208826394
lc_0428.txt,-1502.1280975962254,18206.82627025912,19708.954367855345,367.29389735838106,342.7503815637273,0.0379140684402189,3.6047828540338847,-0.0142674877393707,0.0375519762051879,1.0216149561366266,-0.0129728431241694
lc_0429.txt,-11202.113515581776,65575.87344993016,76777.98696551194,367.10256074381687,421.1002849635647,0.0718777592420881,1.233357148645368,0.0351833822362976,0.1316021129708988,2.9822435330147465,0.0363333900647084
lc_0430.txt,625.1088793641829,16899.784978286552,16274.67609892237,363.3970099721235,290.2010934030595,0.0364840641943597,2.7868315116958926,-0.0028640197072403,0.0217380764748999,2.3353676557290304,-0.0030313117413482
lc_0431.txt,1685.1016643070616,6240.600890931398,4555.499226624336,448.3619734324525,352.8654783823692,0.0430786636250234,3.8864395759078154,0.0276312513694889,0.0162185592402212,2.927102178702074,0.0296365570648291
lc_0432.txt,-620.4801592870608,10867.474110360616,11487.954269647678,306.5093737683136,482.5330938596699,0.0213384373180555,3.702773378558201,0.0114386263680806,0.0223478132176938,3.310759642766865,0.0110470427746948
lc_0433.txt,4075.563028551107,61030.61008310231,56955.0470545512,344.81159465341267,426.8721109579831,0.0478318665439744,3.60046770468982,-0.0654282501747922,0.0496493899785673,3.0399209406773715,-0.0679089507962682
lc_0434.txt,-668.3764039346242,8905.90242786157,9574.278831796197,460.6245005374198,574.1579517838068,0.0665477397612228,0.9429872231462691,0.0078913960555284,0.0577602463375071,3.3864176306550147,0.0076784711419014
lc_0435.txt,984.8196272096102,23561.77586391704,22576.95623670743,333.813023777778,543.8910637316333,0.0436695894890738,3.1714132320898587,0.0127592520807326,0.0318824945711019,4.919850301943853,0.0114713531479275
lc_0436.txt,5828.753890716074,27651.101058317377,21822.347167601303,427.5529113548495,288.5535744354092,0.1307992989162653,3.81326213794068,0.2387961641475569,0.003305268732738,3.2108385978141243,0.2463517583836115
lc_0437.txt,-2851.572289845033,16195.142427665116,19046.71471751015,339.5339155047033,318.6808912042653,0.0248542398280966,3.5234428503073683,0.0170103864320323,0.0824893232676297,3.674231164941248,0.017898375136768
lc_0438.txt,-5582.0284008054,109772.91603607232,115354.94443687772,380.9575044348184,448.5105623435104,0.101268875787011,4.918000407226582,-0.056939479549688,0.0388825847088948,4.483456554329309,-0.0521665154067666
lc_0439.txt,248.8651861289959,4071.4058887988617,3822.540702669866,337.2079334265031,333.4568442412141,0.0159742640483033,2.371767568463324,0.0145752661534846,0.0067095025589271,1.8804594336216007,0.0140606031592317
lc_0440.txt,-307.55981020805484,8400.760734495012,8708.320544703067,344.4392382075739,266.3538614275153,0.0209936894528131,1.9797106319891145,-0.0060824584089919,0.0118289128576885,1.7382864388043162,-0.0071681704843044
lc_0441.txt,1264.2472232122527,23530.893605467303,22266.64638225505,435.9320608392618,238.355391260785,0.1121073758746358,3.795607931665313,-0.0884724129474667,0.0203790388606186,3.3371463710459963,-0.0946369679065057
lc_0442.txt,-2916.0303404976494,5654.318403808238,8570.348744305888,417.7440236317019,326.89959187330254,0.0345768677653577,5.9294224333825065,-0.1206252449201502,0.0735027305219476,2.322435525708119,-0.1178584626439264
lc_0443.txt,-17636.96541275276,157510.58901056298,175147.55442331574,323.0376379587988,490.5365216196911,0.1432718203855849,4.653413574802855,0.0215544207702369,0.2640188642900433,3.5308288016739904,0.043901569852064
lc_0444.txt,-278.4004791124544,5152.664401509012,5431.064880621467,372.5297781632572,474.6964553014178,0.0208804269975894,3.303443318838786,0.000102387662946,0.0449557830234304,2.871083116447062,0.0020945298246655
lc_0445.txt,2965.5467186203496,21996.42828966046,19030.88157104011,368.3485627848754,471.03432827441526,0.0398962926998363,3.422020176077854,0.0055762423139563,0.077802872546225,3.456318357664353,0.0072045718847388
lc_0446.txt,-6410.226628407167,122221.41301959654,128631.63964800372,444.7134019977848,576.3067354524575,0.1723251865480515,1.6392213716753392,-0.063743310795338,0.2872971133280468,4.395575737867299,-0.0619341107996939
lc_0447.txt,-1362.0615861343977,84229.47310350399,85591.53468963839,375.5923727512928,661.8648170558713,0.0649980663111486,2.906295282450789,-0.0015788126284211,0.0594807802687421,3.1926442502502232,-0.0057239237213769
lc_0448.txt,-388.1202059630296,6304.73409503888,6692.854301001909,362.3476168070483,486.08822243060536,0.0325275411698782,4.006599683364538,0.015203322458282,0.0459153961680655,3.2192754581270897,0.0147928577256569
lc_0449.txt,863.1969731333811,24645.345740921417,23782.14876778804,377.1563430524298,388.5219842332233,0.0344590151917054,3.7173939052929823,0.0032827961265434,0.0136145904353228,3.969083411193608,0.0031625686748088
lc_0450.txt,-1525.7960929840335,11186.975031790636,12712.77112477467,285.6943107107612,461.1307313812437,0.0405249449120122,3.789215760500355,0.0185795084673241,0.0366821566846436,2.861910601732053,0.0196764393777883
lc_0451.txt,-959.3115168191798,16050.047266169404,17009.358782988584,350.1289531034244,316.4203717447507,0.0291692964197922,3.254530174015385,0.0064230626067318,0.0148198843094673,3.47678945080746,0.0048562257749504
lc_0452.txt,-19989.6201650855,49814.1339025756,69803.7540676611,340.402034003164,262.6027739553007,0.0489385087030143,2.911557707424785,0.0295318283551458,0.1380518001136438,3.0949759331639344,0.0331955108496152
lc_0453.txt,-47162.06555118709,335828.5595489186,382990.6251001057,330.63541238561254,233.3119925376258,0.1395158590554527,4.592358141130224,0.1087878201556813,0.1330751275191308,3.3610827272094763,0.1091170719120478
lc_0454.txt,-2020.7180754438632,4798.49881247487,6819.216887918733,362.20561818940894,852.9805223227102,0.0383619928755013,3.8744907063562937,0.0257054967757096,0.0700275352505594,5.216240419808114,0.0299401148471649
lc_0455.txt,119.16650797560578,2344.178541315154,2225.012033339548,383.03469278464377,342.6353023361166,0.0365649140667065,2.772737360347352,-0.0493931897130186,0.0216260603509373,3.208903313126485,-0.057253791444824
lc_0456.txt,-482.3030411864474,5005.54625356713,5487.849294753578,339.46884898747464,328.2749015710238,0.0409873922088176,2.324449732948861,0.0562499095459975,0.0257292401401638,3.4924110744915637,0.0525192112796475
lc_0457.txt,-861.513714811912,10189.558383318225,11051.072098130137,407.6602303006184,509.4912698304883,0.0536558978898209,1.1062122872199722,0.0330166860091527,0.0374660999044131,2.7140619704805435,0.030943989111155
lc_0458.txt,4852.6942131278265,62862.89378147483,58010.199568347,393.7031404549289,355.92472941184843,0.0736698065163651,2.9788899813942686,-0.0796691273580247,0.040706347617242,3.260137887004347,-0.0822945139451574
lc_0459.txt,1257.7540234408807,112201.6081940138,110943.85417057291,303.4997636959934,360.4016962904972,0.1391595085685326,3.3245503466712605,0.3213622567412579,0.0186682503948276,3.079565128416033,0.3214486669349858
lc_0460.txt,-65368.62196952954,160634.18736536545,226002.809334895,383.1416169782033,642.1791495119558,0.1889500594615335,2.5446531643864936,0.1004202797175243,0.2585628995861495,3.242165217081913,0.0956356330565774
lc_0461.txt,-15784.954593020537,84746.83352802784,100531.78812104838,366.7949562466196,493.7746734627513,0.1679321083742319,1.5027502499324652,0.1736830724677876,0.2314894651151913,3.0135320272668933,0.1773338532541011
lc_0462.txt,112228.63728972734,375720.4552358777,263491.8179461504,473.0602959174244,494.7683022322632,0.5202578708250671,3.618187974686245,0.3442824915262572,0.2189419388401939,3.2121854257617595,0.3213818621257234
lc_0463.txt,-23795.61006069221,69990.77639312876,93786.38645382096,343.55001681631364,322.7482649488164,0.0474791309795675,3.235376049587551,0.0284511879635338,0.1600322022673004,2.7077651281658275,0.036944663262478
lc_0464.txt,-1059.0917555004617,7582.8830147020035,8641.974770202465,332.11720130682414,635.4046120311597,0.0384605573981122,5.469935354465361,0.0812232739274132,0.0686694337452241,3.314154346442177,0.0850976635324969
lc_0465.txt,-1692.7078196202165,13785.623195441733,15478.331015061947,341.1047144085452,341.0980255026236,0.0557984454637556,4.679850005835614,-0.0030825123022031,0.0882988038368524,3.096379384862096,0.0006765796558538
lc_0466.txt,34168.49183145046,106476.11530338656,72307.6234719361,634.1593209580724,301.86675382348704,0.2152202260062003,1.961398935067179,-0.0575188774455227,0.0497813595880918,3.793547820306865,-0.0478991808655628
lc_0467.txt,15976.715045417135,144177.77102249564,128201.0559770785,369.2743580990755,705.9257345295787,0.0629964036153487,3.4979381398947806,0.1140284634461309,0.117745223143654,6.0005437175027625,0.1080410187700227
lc_0468.txt,8771.454890574096,134920.48152201352,126149.02663143942,676.0721236994838,402.22389668611976,0.4614252922873484,3.7685790251775866,-0.2168178195388069,0.1777020886934137,3.4869611003993635,-0.2837879667998466
lc_0469.txt,19705.157757251232,515883.22671227605,496178.0689550248,448.7134097621475,408.304996945326,0.2723375236922913,1.7436895657115363,-0.0876603634780982,0.4607837783454629,3.192670244443697,-0.1028591407737228
lc_0470.txt,-1018.7981270097372,101976.11893586602,102994.91706287576,479.0034184087677,352.4322699891499,0.2310327062593712,3.5858953245699103,-0.0412323743129503,0.0297394639631434,3.3024852482757523,-0.0296999049181362
lc_0471.txt,4009.348426647979,71357.23053144352,67347.88210479554,401.3301805134792,312.95761048139383,0.0609452038702879,1.2212332943040487,0.0287466771025098,0.0534461081616913,2.347166814133555,0.0326722134685585
lc_0472.txt,5874.286592285091,144164.69402360858,138290.4074313235,451.1516877082076,467.0298195471791,0.1699993993257051,3.9661719018064607,0.0399075447799837,0.2885347323099548,0.8365228849600388,0.0529360630681634
lc_0473.txt,-4296.153103788764,5101.982044113849,9398.135147902613,326.72313708712034,297.93060226365367,0.0396903470325035,5.954877460292175,-0.038814087001058,0.0701418095617189,4.043163000334934,-0.0344267125433168
lc_0474.txt,917.8470243725168,25851.341304026188,24933.49427965367,348.8170980113564,286.32123112661327,0.0758744879867078,5.441680767819184,-0.1528773345663446,0.0710946696762235,2.9282081014373214,-0.1452518509137553
lc_0475.txt,99.66165475125216,4768.259063509222,4668.59740875797,384.93299238221584,297.7247941070943,0.0180243896319823,2.380168503142565,-0.0083150250237368,0.0076807107695378,6.075647132859479,-0.0095040488089114
lc_0476.txt,-50.957879912753015,2497.175531879815,2548.133411792568,389.7249871876571,723.3585673599646,0.0312686416634409,5.51500101746889,-0.0052146743873236,0.0220872702053905,3.587222043456057,-0.00411974379352
lc_0477.txt,-2319.591703763872,156091.10323876576,158410.69494252963,345.8317193429159,506.6631906356233,0.1107870107372632,6.188717983663478,-0.0127053142437904,0.1885549907722767,5.295852175041026,-0.0039521161632464
lc_0478.txt,213.928495920808,3007.28359544015,2793.355099519342,340.39611320667103,401.6041831808024,0.0146396586441866,3.89887859773985,-0.0082028953318635,0.0127335368344402,2.796322123804023,-0.0084032196279299
lc_0479.txt,393.91504875667306,4757.934707743101,4364.019658986428,420.4403198639271,477.55405473632646,0.0562868680968698,1.248634071534835,-0.0323211530272668,0.0482835572486465,3.4674390474627628,-0.0288904032486008
lc_0480.txt,3234.483214848464,11728.379494099154,8493.89627925069,368.6718021289707,529.0264751693526,0.0570046673428306,3.4282866670448526,0.0504957095506505,0.0407608755195342,2.024080008112867,0.0489976319472994
lc_0481.txt,-11104.837367789063,79334.63786547809,90439.47523326716,322.73726383427675,528.8265815006442,0.1344549462036744,2.834667389116442,-0.004430191334151,0.0749289428509577,3.362209510227665,-0.0146009917561376
lc_0482.txt,706.9223486395949,11632.604800285311,10925.682451645718,344.45188679251834,319.8910020442087,0.0301763771057856,2.91424960760408,-0.0231216245982918,0.0138726812881282,3.002165276617679,-0.0238814115171468
lc_0483.txt,12189.266835543018,37157.15195167141,24967.885116128396,410.7581584605773,293.9928416075625,0.1002288478521799,4.938225289710995,0.1415478376532093,0.0315355314280904,2.93740451944832,0.1443180767728586
lc_0484.txt,-79.85706220139582,5164.438343646343,5244.295405847739,278.72064510952475,394.7560907440058,0.0088011984804884,3.0422907095185807,0.0088149162554252,0.011393428277504,2.8172490930561214,0.0086366177682942
lc_0485.txt,722.3493969912342,5966.680468529483,5244.331071538249,334.4236840381449,281.1125042983257,0.0197417566428858,3.279897994362474,-0.0148822912183609,0.0041616483007041,3.213347513682504,-0.0154269795490269
lc_0486.txt,200.12675170769307,4636.747099579103,4436.62034787141,356.4041481713302,435.3861961128693,0.0164336728916588,3.232851661906164,-0.008239127254481,0.0119609318930498,3.2352205033059414,-0.0082496097446922
lc_0487.txt,-46639.99675924279,487345.5000860475,533985.4968452903,347.3117154006826,435.79270484965326,0.1287316267491598,2.836421240042362,-0.0113366362176009,0.2304930330298423,0.7017118973009937,-0.0214382114516985
lc_0488.txt,-1454.1037894206693,8233.957473630126,9688.061263050797,376.9401888773464,341.385398998917,0.0934204040054079,4.545802776619622,-0.0092322172479706,0.0666005686974477,3.403670224379948,-0.0043249193781399
lc_0489.txt,40882.04369194782,510702.5729177365,469820.5292257887,350.4569031471566,461.0828172638744,0.1379211767191648,2.884780239206313,-0.0290806733722325,0.1019137422937846,3.671300471832485,-0.0326999603485045
lc_0490.txt,7692.310708619025,25751.806044946705,18059.49533632768,397.25496194954775,661.38781895683,0.0682869451885166,5.782591706619854,-0.0055713413187634,0.056614992668622,4.126507104998907,-0.0056570138061239
lc_0491.txt,-58140.38164201076,348934.3230046966,407074.70464670734,407.2283877482544,440.8267775291384,0.1537891217167048,3.3838502753916533,0.0572975734836047,0.1498327387629968,3.526870582856143,0.0455398508140406
lc_0492.txt,-78724.63304437068,231691.54869081604,310416.1817351867,372.3266135900871,431.0387126958964,0.2561051772087391,5.45596457382671,-0.1003777718242823,0.4532961627797534,1.1595835294527157,-0.0685233700935775
lc_0493.txt,-29215.81296900265,69082.69588023012,98298.50884923278,372.6564997971547,452.1348974622025,0.0836847559237249,4.367995421174245,0.1398822671883847,0.1881860404653401,3.1528339666179748,0.1491518721179398
lc_0494.txt,407.5349735070449,7514.6068260681295,7107.071852561085,396.6416861513824,477.9704374927309,0.0421332166052859,1.9499565704745845,-0.0203350300759634,0.0437494128864825,3.380965873146724,-0.0230445457385989
lc_0495.txt,314.2493286718327,4314.431720262537,4000.182391590704,351.0096349509287,404.1334884935089,0.0140132794973488,3.331707630985978,-0.007488971027448,0.0133442533769408,4.134543821976439,-0.0083431403177714
lc_0496.txt,-12514.318102986696,97374.43570191064,109888.75380489737,307.8789341086408,335.9311682144635,0.087484392844002,4.161308056321374,0.1322128292724075,0.1921565605134304,3.124848196824736,0.1445010061657997
lc_0497.txt,-72823.45063141116,496152.7197357394,568976.1703671506,387.3163354809645,412.4130712924641,0.1779365950288474,2.866626876819349,-0.0728046765715954,0.3333664803421731,3.2349891403993865,-0.0698370296320869
lc_0498.txt,-7533.250412605492,8592.738025606819,16125.988438212313,423.3934435112881,946.8317350555832,0.056227891219812,5.394701417722225,-0.062986368873048,0.0926122909069609,3.1913932439622648,-0.0677963218529162
lc_0499.txt,205.12489690824805,2370.170292980514,2165.045396072266,381.6078949249997,312.9758093338882,0.0095884308330216,3.479949932047345,0.0062251499708774,0.0041917007861536,3.4273851898080268,0.0067003106619398
lc_0500.txt,2272.624656102271,46030.043692881154,43757.41903677888,447.8560526749111,571.3503925777383,0.0713188187019163,4.319933969386313,-0.0129135220242089,0.1322696565499338,3.434566851106718,-0.0128346900450985
lc_0501.txt,-4468.212037580535,23751.184501504868,28219.396539085403,295.7009177532773,645.2419716441563,0.0649571502366712,1.2904618728987989,-0.1497509752812201,0.0819738516857515,1.222482204136325,-0.1468089034453967
lc_0502.txt,798.2656368423613,5994.575827356302,5196.310190513941,444.9843646062764,468.6919282965456,0.0357029111135838,3.6802224283050937,-0.0176277820741472,0.0176323926059182,3.536133213406381,-0.0169279260055546
lc_0503.txt,-4926.482529918496,28610.311181794423,33536.79371171292,380.0768044765828,420.8233493401328,0.1191541191133676,5.059881829992286,0.1305888206486969,0.1461029173007419,2.255552500756356,0.1384487726138016
lc_0504.txt,4494.765236051197,34405.76580285957,29911.00056680837,397.3727219284192,217.2043931587078,0.0786742805362749,4.614391579315941,0.0046044257772979,0.0221978250221531,4.346218082178825,0.0067203457033794
lc_0505.txt,158273.1508230006,715968.2465064712,557695.0956834706,333.7771026846478,363.63840957761744,0.3578844329968825,2.2192519011995047,0.0101438473934057,0.2366471439102836,3.260482115173416,-0.0110662900154866
lc_0506.txt,6789.326189281739,157122.8189519815,150333.49276269975,330.77665435004155,412.6011029661576,0.1122325924230976,2.1757435415832806,-0.1235487338002054,0.1641755409195514,4.012371213128692,-0.1261905548036133
lc_0507.txt,3875.648635941645,108328.35488167488,104452.70624573322,363.33806950580697,904.3067448353752,0.2210194785907647,5.0497073099804295,-0.2809146897405038,0.2509418789865054,5.927120332030297,-0.2722266149758864
lc_0508.txt,-9003.209062460184,67896.18688664235,76899.39594910253,375.0247088898366,543.573172546191,0.1029842795688856,2.0674965573304958,-0.0263017860752685,0.15162546515741,3.282956687051541,-0.0291465431290457
lc_0509.txt,-35257.53840552812,306673.127715064,341930.6661205921,412.0923479300709,465.7176140569758,0.1779436656116422,1.0117733155493074,-0.0566230367459376,0.4146461426718115,3.0420579100369087,-0.0412465090056503
lc_0510.txt,-1292.201126222204,19424.942535741506,20717.14366196371,317.80494446645764,226.8552466305445,0.0347512996346614,3.575480130537209,-0.0502781739694288,0.029547962139117,2.063561113897815,-0.0494568686925919
lc_0511.txt,2046.7964472734948,16927.67403359381,14880.877586320314,371.15359027173855,359.9152311832505,0.0256638706621336,3.143106711580078,0.0033452549470703,0.0226467614759344,2.9387016211650225,0.0033394947877872
lc_0512.txt,-1153.7397218259505,28130.13872000568,29283.878441831628,387.23544235113087,272.1577290802183,0.0568912352507497,2.863019132560419,-0.2066288610931793,0.0132419537522318,1.1485121704286587,-0.2060460272262393
lc_0513.txt,2299.070390816109,15790.96869061943,13491.89829980332,359.5039368127406,363.4150488590219,0.0379308181370397,3.3023643307464825,0.0302530169279255,0.0113375915626636,3.487371902290808,0.030230912041762
lc_0514.txt,5224.879641842679,170805.72944964466,165580.84980780198,381.63977460840925,319.6087696475156,0.0877270355474207,3.2221321298954217,0.0166491829640277,0.2306524537803565,2.8909490930829977,0.0166429637648462
lc_0515.txt,-5980.11272285409,14753.511878455982,20733.62460131007,518.2273618490591,926.6414984999634,0.1013843791904716,5.456501540076616,0.0866559458875211,0.1484981374799613,3.1333197247258218,0.0855543566564981
lc_0516.txt,-255.4919357993745,1704.7065263029583,1960.198462102333,338.1329888945097,382.91375762910445,0.0168539309405116,3.241226162362038,-0.0228963630002163,0.0126968800497746,2.9886622435971,-0.0231831751927066
lc_0517.txt,-15144.89621215203,136571.55202878325,151716.44824093528,469.2103586743932,424.8133603053993,0.2602377963938845,3.1444273159588154,0.0919909727026698,0.2861664500038997,0.9921723772058956,0.0856774473975701
lc_0518.txt,-1299.527308683245,3708.6800909947983,5008.207399678044,455.3264182104139,285.3189673116763,0.0437723279136503,2.9406540308537776,-0.0333982146966698,0.0253455730288933,2.949102972390961,-0.0390535845818049
lc_0519.txt,-3337.5043958138995,35550.62709681301,38888.13149262691,431.2074324555736,333.01477788804,0.1042322243175114,3.147130825367647,-0.0704379395800968,0.0329148312499782,2.9773118985551963,-0.0753822016933478
lc_0520.txt,5917.47737425052,130526.51978198683,124609.04240773631,468.2601782114449,347.7671923483952,0.2816864316152048,3.056588497506545,0.2908767131945085,0.1594569872983583,2.859407305749388,0.2496220537484106
lc_0521.txt,2275.652951980868,21243.79372620662,18968.14077422575,365.90005380382274,237.22838544402347,0.0754792399009526,5.617674096569552,0.022586533210044,0.0444077698570692,5.022004122755466,0.0278911994018043
lc_0522.txt,1315.0865055949023,5975.435584518533,4660.34907892363,413.65729554018384,554.0804750838381,0.0498761520884014,1.80601389500878,-0.0280810773525414,0.0506384197722483,3.486672363197337,-0.031836105168915
lc_0523.txt,-1222.636616226035,21142.3967031218,22365.03331934784,386.6293831709702,622.2291570704089,0.0359178547501665,4.112572993732247,0.0042073498763306,0.0890351390506327,3.765973175203343,0.0047606906542049
lc_0524.txt,260.3527143982883,12171.969622754974,11911.616908356686,362.72083039670025,427.7603394743248,0.0442346735642021,1.4511643061079345,-0.0081950702765345,0.0627665682532093,2.959258319899708,-0.0047005176436928
lc_0525.txt,7494.0850434672175,73882.06986202586,66387.98481855865,416.7190664534191,436.9193064540471,0.0807943533811339,3.06884908609245,0.0235831793499885,0.0667055794754396,3.1271204392124665,0.0138253160502651
lc_0526.txt,4373.7329297093165,26456.14937669756,22082.416446988245,333.1434727451432,310.29389571300607,0.1202629812531078,5.92446748031616,-0.0466875736083222,0.0579223334346558,1.6036792030260876,-0.0472911594286525
lc_0527.txt,-21.117409466057325,7498.701087394662,7519.818496860719,317.1401119856172,307.5294948056541,0.0215902029944178,2.7745794582299115,0.0178633153563939,0.013914411722546,3.0658797429756226,0.0176742612548386
lc_0528.txt,756.1915032725165,6738.81403030381,5982.622527031293,425.8746385765124,375.2966647266665,0.0513388454862282,3.864655269383744,0.0284156474034024,0.0339785788568768,3.617286624530215,0.0223184834220837
lc_0529.txt,-68.87361685393262,51054.02312046632,51122.89673732025,380.4875227674959,377.1791646227748,0.0869172153182334,2.773531820236823,0.1219620834880944,0.0745731637532252,3.4700882708049323,0.1146584114452672
lc_0530.txt,35509.83408570994,142255.7847773757,106745.95069166576,376.3330049629542,337.391552812527,0.1436073794159275,2.9435226787779616,0.0605158618730125,0.0589665798142629,3.041847329141634,0.0598046169338256
lc_0531.txt,-1922.5707964988976,26876.406918328765,28798.977714827663,397.8919147458117,346.7683084764847,0.0568968606553077,2.6810042407932246,0.0147616149829588,0.0548110165107771,2.608791153342584,0.0105077212068195
lc_0532.txt,365.54128004932136,13846.14434384898,13480.603063799656,346.6367776799458,508.9676542580465,0.0760081579591506,4.280700560891727,-0.0373706582288828,0.1207483040015901,3.326940528091796,-0.0406977639880822
lc_0533.txt,1541.4906932533777,29618.14159517567,28076.65090192229,400.0292555672328,359.00001288604835,0.0876967400459858,3.180439340405952,-0.0142555860573188,0.0508746984056955,2.047219263721988,-0.0192752015721306
lc_0534.txt,-3907.330839766946,43090.07476284611,46997.40560261306,346.8341410574347,501.5416858956743,0.0520735495575111,3.2856614788265626,-0.022344369780457,0.0348542672144878,2.912322827946416,-0.023865321302136
lc_0535.txt,897.3680289542317,17780.482859867174,16883.114830912942,408.81143461590665,364.3949388229426,0.0714879032991296,3.7991814285715177,0.1547277800300243,0.0138087805083674,3.2389514757820805,0.1539586487578597
lc_0536.txt,-29310.674637939752,140372.89902325888,169683.57366119864,391.6386863431137,513.2506142206958,0.099298450896025,3.2029118277308006,-0.0464354500162599,0.2693125906044119,3.531725621993688,-0.0530898371610408
lc_0537.txt,-930.8921395570688,7142.6110244871925,8073.503164044261,372.1612654423758,690.5954161744045,0.0405201358771257,3.769995806616384,-0.0231544451321285,0.042055185695715,3.213461740258376,-0.0260520722097736
lc_0538.txt,-2876.125863994901,55698.41515255318,58574.54101654808,406.6109125135994,565.154390092633,0.0780704237974775,2.5007789409451933,-0.1414396954302221,0.0352773668621009,1.3801768500668932,-0.1401493873484965
lc_0539.txt,-123.47401360649384,76378.60860720562,76502.08262081211,368.8399984186179,411.13049836423295,0.0742705840240357,1.206496839844566,-0.0168456406425582,0.1722734977425632,3.2715176931840566,-0.015122340631239
lc_0540.txt,-7940.706387764279,96758.21499909752,104698.9213868618,367.9565526935896,409.4501209489524,0.0707277470962903,3.0575115964789448,0.0590390555943101,0.1114580485735867,3.128849836602017,0.0602992338612158
lc_0541.txt,-97810.92126087996,374842.2401663674,472653.1614272474,400.9657759159161,602.5650214439088,0.1967778593872631,5.69108390697851,0.2734606403411174,0.4725184603613266,3.164318717464078,0.2768622903680667
lc_0542.txt,-415.7271825421831,8741.099741974327,9156.82692451651,361.3964252530671,450.6676437571819,0.0142092296252878,3.8965566687820776,-0.0161627575240429,0.0294552217729518,2.8033525307636986,-0.0164395400791271
lc_0543.txt,260.4890955516064,2131.58368922438,1871.0945936727733,324.52817958934406,437.73815373516027,0.0270747008373466,1.885076654306394,-0.0146220704201669,0.0185477051985544,3.5570724100794315,-0.0138707915597765
lc_0544.txt,130.3716957049619,10188.25595715916,10057.884261454195,300.01059527747844,383.6908190392912,0.0169503423045673,2.937452384680023,-0.0124807173019257,0.0081036993874616,3.0603436932886194,-0.0130195263596712
lc_0545.txt,105995.34335556328,358918.630558606,252923.28720304277,413.9767262432733,350.68172887784215,0.3700704401951827,4.655119982092083,-0.1676103822082238,0.1000281073853723,3.643980614895877,-0.1469948928590533
lc_0546.txt,-3578.4268072202503,16778.462041949566,20356.888849169816,309.49576720983254,467.7394969124858,0.0318808541832897,2.9405645567467014,0.0102015975935978,0.0782853614340715,0.7285430926300531,0.0137959923063863
lc_0547.txt,18058.54818848429,88594.92983097721,70536.38164249292,394.0742072481759,530.9263526459606,0.1453201618404449,1.4113196636740557,0.0615052138603948,0.126492902906786,1.1685377731720976,0.0731702003887703
lc_0548.txt,95.31306670700542,1876.6632668785496,1781.3502001715442,373.1810054546775,839.8973246039169,0.0383453992798054,4.571124003846845,-0.002780674667494,0.0426744831932141,3.155433443369412,-0.0095719861862703
lc_0549.txt,-758.159323648546,15775.456514546808,16533.615838195354,352.70767852573147,450.2805068819035,0.0238294671642834,2.841002172948372,-0.010825736494814,0.0253556033338035,3.837306424242508,-0.0118428484400184
lc_0550.txt,-3175.968531629209,15068.310030737546,18244.278562366755,388.7983165294045,333.77877126614555,0.0250727304842063,2.3954252409799746,0.0091967969005965,0.0724065200619182,4.500783010799864,0.0113018085098273
lc_0551.txt,-190.0274193117075,25351.9015759418,25541.928995253504,353.2075773317752,350.774303195132,0.0454330187563671,1.31356721660386,-0.0282555782588285,0.0601286325180415,3.093195789693649,-0.0274639494974386
lc_0552.txt,186.25411465557767,22277.478390891272,22091.22427623569,360.16571490237703,291.23975759366886,0.0303251496049459,2.989434988198993,0.0040452125971815,0.0128110814770535,2.7690815806218456,0.0025727974935422
lc_0553.txt,3634.674359020944,33872.98167475627,30238.30731573533,451.39882500115743,297.8395438919406,0.0382189949821669,2.92175693573359,0.0290778912988568,0.0398091530759061,3.617714277202151,0.0280391248433506
lc_0554.txt,7744.640876520983,23580.036956779262,15835.396080258282,361.1855540817066,288.9415578690324,0.0751523616161834,2.729618874273158,-0.0097479503727378,0.0268192847618017,3.002280604310381,-0.0103819855896905
lc_0555.txt,-23370.86248399077,104833.66820656856,128204.53069055936,384.928740906979,468.3772415352897,0.1576131278529843,1.6125360000240707,-0.0284380170810126,0.2308525782192813,2.997193832491648,-0.033070258849967
lc_0556.txt,2126.457019576352,29034.872181267445,26908.415161691093,379.1951148696848,294.5322216295237,0.0483963956806702,2.089876623454779,0.0058418137118893,0.0497304907998035,3.337803711086317,0.0061898002241233
lc_0557.txt,30190.520949317783,186152.92455264195,155962.40360332417,431.51936386158906,364.6362509311234,0.2764507200494523,3.0592357267983865,-0.1962978593900766,0.0513080578366793,3.6443259451106855,-0.2338092866040383
lc_0558.txt,843.8184649889827,14943.468970066762,14099.65050507778,415.73009885846994,346.90854446276603,0.03203964183374,3.9374007861798903,-0.0394347262646057,0.0349750725992587,3.182759407401934,-0.0382988149558938
lc_0559.txt,-120.08197890639168,2608.028835394478,2728.1108143008696,375.7839615205479,376.9965943553255,0.0346246286936638,5.737238986304876,0.0056380783980948,0.0350411147724581,3.055670518446084,0.0084722572856211
lc_0560.txt,5149.323091593695,37886.03972688319,32736.716635289493,374.99817723010057,216.13321806493985,0.1140215140064671,3.560964455071466,-0.0542694867063867,0.033856128666449,3.288078708913232,-0.0486086336467281
lc_0561.txt,-26400.804821984377,91745.19916185083,118146.00398383522,302.2905093503445,596.9437866282203,0.1042806522978753,5.673630451635555,-0.0029584507242695,0.1899362648976746,3.007403202703923,0.0047920895535952
lc_0562.txt,-14619.396389798028,90024.35587176401,104643.75226156204,341.1739323691106,329.6819344756946,0.1725790507751706,4.028701924724841,0.0672944561883603,0.21502115826531,1.5826674400295693,0.0625851956174936
lc_0563.txt,-897.3469062084614,3528.1637255118967,4425.510631720358,366.2824960764432,486.8660381141536,0.0379771738746839,4.221149023979361,-0.0348032603054326,0.0627071019554915,3.4234909167978747,-0.0304811769716033
lc_0564.txt,-910.395539350924,143387.0752123784,144297.47075172933,312.8542480130644,370.6018956199106,0.0717777550694048,1.861279735564572,-0.0480491938336232,0.0825907201594575,2.7715743210791253,-0.0507675466031824
lc_0565.txt,-382.04654728633614,17590.085614319527,17972.132161605863,416.10353067499295,399.29263259184427,0.0506640921701963,2.993026909757785,0.0343824941237897,0.0071573759105803,2.231258877964272,0.0314813563931184
lc_0566.txt,-1763.3662269731576,96770.86910509474,98534.2353320679,406.3361729141537,306.0356570755189,0.1776591979966488,3.064837479599889,-0.1372647529185341,0.078403068185352,0.6064228096617497,-0.138579146765408
lc_0567.txt,16687.96464444739,119443.4692738482,102755.50462940082,336.61215346570003,312.8188825750087,0.0933610022070146,2.114939463657888,-0.0934557836660342,0.0625582593547661,3.389239733657635,-0.0910454463413258
lc_0568.txt,-13187.481635675082,65964.7486837045,79152.23031937958,397.666970161664,373.1536149310802,0.1874092523883598,3.777407191718514,0.3019052386589982,0.0765819584917748,3.365352702019239,0.2965408109926565
lc_0569.txt,1916.098008773035,36514.99025173959,34598.892242966554,350.20399637555624,436.57729269889336,0.0895483529643514,4.810990262554524,0.0701233295483748,0.142591787402453,0.2774939090121046,0.0785749442157633
lc_0570.txt,-2253.532373492566,23332.815620534264,25586.34799402683,416.10004174236553,389.0225093802887,0.0551530559247233,3.2910041093514906,-0.0226357404582735,0.040463646464797,2.294338534874017,-0.0249989189779471
lc_0571.txt,2217.2885314943014,10683.952785573456,8466.664254079154,459.67620876512586,538.6007851646995,0.0625518148476829,4.607268343972079,-0.0028447276421909,0.0833808545626693,1.674366444061164,-0.0047760363740381
lc_0572.txt,3124.464448586383,32465.138955351624,29340.67450676524,665.5998375159376,199.0388579463184,0.1895821308526213,3.7566821958343497,0.0056628439176264,0.1056009119388896,3.5449649835992294,-0.0402723097405583
lc_0573.txt,469.3241409170814,7904.6921404156,7435.367999498519,386.01436586693256,385.7322597943226,0.0368751537214134,5.607680947977448,-0.0084445259341365,0.0359882374329079,3.431044499519239,-0.0071451486138502
lc_0574.txt,-2258.281561378075,9962.50032931248,12220.781890690554,350.3017691209502,496.6529516983295,0.0371792292827105,3.21160761587715,0.0132985010281457,0.0432859390184163,2.7477538052391437,0.0128351680667855
lc_0575.txt,8716.43491673022,41620.4918647669,32904.05694803668,331.5746888088106,400.3796015487197,0.1817759221590113,2.915164164827865,0.0941308491049509,0.1165972260190074,3.7181111106556735,0.0691869374870374
lc_0576.txt,-2067.1044115144177,53247.75855700446,55314.86296851888,339.9155872368472,600.3365621185442,0.0361445207880045,3.2564832468534552,-0.0314840502438293,0.0193245703445322,3.143247206384981,-0.0325106215652217
lc_0577.txt,-6073.307438273783,26572.06489845368,32645.372336727465,337.900128614713,406.5491690817431,0.0415470962809891,4.651938275951492,-0.0738211074697353,0.1114244229198809,2.8843909000610077,-0.0718637187566478
lc_0578.txt,-6753.059759836062,186787.34876871356,193540.4085285496,395.4425342760245,444.9208376294246,0.2417640560935488,0.1008420681826962,-0.070410349066676,0.2121603942862253,2.739365962453977,-0.0841653819094734
lc_0579.txt,2068.3036557689848,35941.616248846,33873.31259307702,369.4573383548351,256.69967435955164,0.0399549533600957,1.9324179858634845,-0.0325802674788782,0.0216817744164662,1.6052448798543464,-0.0321427574604034
lc_0580.txt,16769.657811527482,64085.14316528075,47315.48535375327,411.2624766992933,298.5754392091725,0.1369768032347559,3.4395116952942946,0.2089769766630204,0.04800690880395,3.1823852669898245,0.2041139434450655
lc_0581.txt,118.35360905824656,7094.373726218537,6976.02011716029,349.83762710074205,559.0160375420546,0.0392859859476504,0.8158404759180974,-0.0474739275656315,0.074798231942136,2.8015674182267443,-0.0465648197737994
lc_0582.txt,801.8437295442563,20101.42479899032,19299.58106944606,406.4828674619589,442.195742192248,0.0408502660067971,2.2570704069915792,0.0042796870734512,0.0107642838986331,3.011240738373915,0.0092190666618195
lc_0583.txt,3324.862566232434,62583.81154186157,59258.94897562914,386.4331179334274,347.646428503628,0.0743038914309665,3.0503563834559824,0.0407906887666013,0.0268484079220556,3.088791310599769,0.0358354476431374
lc_0584.txt,-9334.502466746308,51610.02405571511,60944.52652246142,405.784072736038,680.6904995191813,0.0480163398969158,3.536741476962725,-0.024928182963866,0.139321983331513,2.9423708331438294,-0.0212441546327395
lc_0585.txt,887.4170788393367,8332.911204821097,7445.494125981761,357.2023010806962,306.48683342653953,0.0278308576684179,3.0497731693637973,-0.0072687068713816,0.0156449465827632,3.020300492967089,-0.0087971526957723
lc_0586.txt,-236.04711535281692,4368.153472848522,4604.200588201339,364.13682425166616,352.2767397899109,0.0158396254472046,2.69696740285092,-0.0074959757401105,0.0144038777840317,3.1397663882193347,-0.0072255326855634
lc_0587.txt,2534.009271244897,60111.20172062943,57577.19244938453,384.0678454327216,407.7808552842094,0.0621414774075037,3.1636429396873638,-0.0130017392098253,0.0621245741728906,2.899868086692212,-0.0135658667879535
lc_0588.txt,-734.5239597878208,11442.49683503318,12177.020794821,437.9651743808265,300.440236904905,0.0472496044721069,3.1460413531670026,-0.0032316862005692,0.0124215389413159,3.468125559772464,-0.0116144560064375
lc_0589.txt,906.192618733242,6727.722378265516,5821.529759532274,366.8762384643811,292.9706130293183,0.0268894273333432,2.0727930323699573,-0.0073445027751454,0.0201925843628322,3.597119417011826,-0.0062011416690986
lc_0590.txt,5755.152244686986,59861.36096241501,54106.20871772803,415.32860902951,493.7200735975392,0.1258392201639354,5.993557058138558,-0.0011122998117211,0.2019470376706708,2.516274058228236,-0.0019980394950429
lc_0591.txt,426.22380708469336,5963.145646545889,5536.921839461195,358.5005643045892,377.1942170220024,0.0112749000943382,3.3628780292789964,-0.0019443312948679,0.006942836518622,5.001020368857085,-0.0016310826449501
lc_0592.txt,-212.8025504912512,43693.4189724258,43906.221522917054,372.1483045352694,221.3487810433978,0.1267176979191602,3.836384449075315,-0.0898121025064933,0.0646632751819951,2.9445947853580745,-0.100011965706324
lc_0593.txt,-424.3303824687312,1515.9702900038997,1940.3006724726308,367.4453979679654,481.94550250756265,0.0174422951595545,1.4827671162196945,-0.0489540906654701,0.0279027267706093,2.5121033362802727,-0.0462330784152298
lc_0594.txt,41073.81353350176,252934.63371511092,211860.8201816092,586.4401523428016,826.3428908271914,0.3475268585968833,5.399968556140215,0.0566975864690255,0.4189982644685747,3.1768078196846856,0.0458708541157307
lc_0595.txt,-654.2803827561656,51352.16286151388,52006.44324427004,406.78443211729297,441.1685501862704,0.092455141802367,1.53518061670005,0.0172202801634649,0.1452117835786392,3.32132935286652,0.0207486343082398
lc_0596.txt,-13493.476251339438,33305.99411147574,46799.47036281518,394.8219869288938,452.840632152724,0.0527048353796407,2.0626521268983424,0.0361486235822242,0.1099510165435767,2.826878818009004,0.0377740501675072
lc_0597.txt,-311.75837863631386,5388.701614370693,5700.459993007007,396.680687197002,713.2536561140832,0.019702592591719,3.23921982327754,0.0227349336015226,0.0410727281227161,3.0740502415757773,0.0214104927218195
lc_0598.txt,-3140.162557633459,12862.688230141976,16002.850787775436,316.4629408381167,498.7663478127368,0.0159792427301675,3.3365157783651065,0.0467278574194031,0.0684039310098243,5.057431534399862,0.0483622073885047
lc_0599.txt,405.2753041558917,4036.347130369605,3631.0718262137134,331.6689232801802,349.39959016740903,0.0205613058799092,3.696625598408229,0.0151934216668794,0.0132163925020206,2.8667491979939,0.0144913964064234
lc_0600.txt,-2590.797408626775,10117.105066860997,12707.902475487772,346.9592077528968,406.2413003897101,0.0360704795482915,1.489450152172867,-0.0064450225083381,0.0822371915199166,4.125865057964224,-0.003061008399449
lc_0601.txt,-6854.591682137025,13103.129761645136,19957.72144378216,332.8750922459292,548.8051326161432,0.0549602253023919,5.183998234785241,0.0348431527892694,0.0970246344225909,2.740184535967515,0.0341289324676792
lc_0602.txt,130.57798018017274,6806.13722899047,6675.5592488102975,441.5982888394256,384.130921593247,0.0320268479473747,3.492193492395696,0.0090306455757718,0.011542841776058,2.8400734892520894,0.0097845696289266
lc_0603.txt,-10.635867882384446,6864.861485937505,6875.497353819889,322.8401194504945,314.88601908541995,0.0188097314708685,3.441106650524234,-0.0102981562251716,0.0558173884374542,3.9400555627237024,-0.0088448775064888
lc_0604.txt,146.86064012230418,15589.80904024572,15442.948400123416,340.5149659027988,366.2695381090488,0.065161994483252,4.653638754939092,0.128677158688331,0.0507790927210612,3.438018285576772,0.1256631250042539
lc_0605.txt,-127.0733712122842,2937.2021699114857,3064.27554112377,356.3458547952052,726.365992377031,0.0393997196819462,5.222699185865006,-0.0304972559008952,0.045045961274618,3.424620233359473,-0.0286900368703482
lc_0606.txt,-100844.3635333855,404061.6167323123,504905.9802656978,394.131445727164,553.1205930480585,0.1604695011372141,3.214268207931279,0.0782017316102222,0.2502216841068208,3.136971655726452,0.0709703583901103
lc_0607.txt,6544.430214585329,142854.84812542686,136310.41791084153,362.00261154738655,375.7388005669729,0.106387501011134,3.331976560638508,0.2313031098174607,0.0928647734490708,3.0982694380354534,0.2217007151313575
lc_0608.txt,-779.0060780827644,5601.9241870989445,6380.930265181709,436.34855425836673,275.9015362152608,0.0407000413172353,3.1161836617562315,-0.0028139835989643,0.0280496261648862,3.5152128191975724,-0.0046106955550557
lc_0609.txt,-14570.218538546978,121318.97616995516,135889.19470850212,386.6729335487682,616.3196907429457,0.087766415346667,3.570853206625959,-0.0399575827708335,0.2142641603119306,2.877894635094776,-0.0372238485995497
lc_0610.txt,-4757.141088790435,9816.40576753184,14573.546856322277,372.1642914410287,356.4176437503013,0.0303765047098922,4.549361576254691,-0.0171864105248095,0.0894937906014041,2.108736771413562,-0.0150059591397881
lc_0611.txt,-9803.011298655132,45164.90985110361,54967.921149758746,381.8853979796225,316.474420465333,0.0419700109036404,3.8999614137734095,0.0837434877333168,0.1407870950963227,3.753046832566489,0.0875406094788845
lc_0612.txt,808.1098548811742,7942.540803385457,7134.430948504283,328.7319294222034,303.9308696514727,0.0148726221603457,3.416566110001091,-0.0015546669248016,0.0112195405429234,3.1470831499938616,-0.0023332583197548
lc_0613.txt,323.39048877129244,24573.08059406217,24249.69010529088,384.0524195714876,509.286929622314,0.0492326033453601,2.911200418670341,-0.0195372414939377,0.0157755237250254,1.056927802546315,-0.0247644502716681
lc_0614.txt,10284.257368059778,56913.58828281565,46629.33091475587,572.3872050479994,298.23419381344263,0.1459314263357072,1.8380575944295177,-0.0529565665458517,0.0423818330345761,3.1607600287903206,-0.0459588999423191
lc_0615.txt,-15546.20867648092,173533.3292675363,189079.5379440172,372.5130456356079,431.2215203195144,0.1529780990413239,2.920038039254415,0.0695917050654271,0.1152237324009258,3.565417374571181,0.0640855381138951
lc_0616.txt,8809.889602795738,234932.73734383893,226122.8477410432,434.9608847899136,368.9362723685511,0.1679005408633094,1.796724298534184,-0.0955521350533755,0.1126120545187854,2.7396802302876573,-0.0973627116830982
lc_0617.txt,-81.18323047211652,2485.367957932068,2566.5511884041844,328.2166150053074,328.7155593202769,0.01731058299232,3.318425765811475,-0.0075884324742519,0.0087007187923299,3.256709302012601,-0.008305071048459
lc_0618.txt,-2714.078782407192,29017.161966882708,31731.2407492899,374.4200491987923,465.0888638119555,0.042228633562444,3.28338682123087,0.0096684991664526,0.0977686157953995,3.3245167625198984,0.0099459625871355
lc_0619.txt,-10051.195381302452,34963.0254661644,45014.22084746685,337.31748837442973,360.52138470459175,0.0314289661816719,4.04760688556763,-0.1659782816401124,0.1228411754084712,3.3291105587296137,-0.1621650722731121
lc_0620.txt,-84313.24106427754,152909.08808885654,237222.32915313408,349.97922245116763,934.709991727916,0.2682486355001822,5.708078624811388,-0.1636892861823664,0.3875124881200915,4.86080752775439,-0.128855396103883
lc_0621.txt,5892.653832996177,46780.930484966295,40888.27665197012,356.14710082594485,351.4954025793485,0.0513968197603051,3.173066981125625,-0.0388695440937492,0.0180611395031438,3.230494360607162,-0.0398342361949643
lc_0622.txt,-959.969707111648,6709.474729858233,7669.444436969881,313.9876788062776,545.6421642276961,0.0573130343051922,1.9058662407077755,-0.0738956202377819,0.0833180045070141,3.446947463758509,-0.0886634190053398
lc_0623.txt,3988.834746958644,103683.9424512767,99695.10770431806,325.541043290957,753.8190835218181,0.06670110203812,3.234033593028585,0.045859180226201,0.022506974050301,5.23508977521267,0.0449267225851649
lc_0624.txt,2330.994119007755,12929.682124126528,10598.688005118773,410.1826500236081,546.7934280583062,0.0638021104405145,2.819186438067248,-0.0332235908755399,0.0591516988737934,3.318678312543027,-0.034112456920729
lc_0625.txt,-13076.154465920175,348216.91592954047,361293.07039546064,585.6201580430068,457.4908030503067,0.368896390098806,2.050023257746472,-0.0136957844070692,0.1634087606239481,3.1752437349875606,-0.0121993362083392
lc_0626.txt,-722.4439735544202,3712.78261411105,4435.22658766547,287.7133072779165,762.0999571228522,0.0109607844626084,3.620782545756239,-0.006420440281829,0.0406013841430468,2.723831405827698,-0.0053156796057071
lc_0627.txt,-15143.579648814351,32456.94797818821,47600.52762700256,381.8852427513802,318.062849413863,0.0426375070264174,2.373511917127227,-0.0340965173376713,0.1201502420961195,3.176095163174894,-0.0325414291688691
lc_0628.txt,-1120.7667426717508,15976.310324728644,17097.077067400394,278.40525712238593,384.1094956116247,0.0326261661641095,0.3577501071510435,-0.009978517120882,0.0786075388243344,3.286197871230544,-0.0051764309018067
lc_0629.txt,-96703.46874423388,471221.76400113857,567925.2327453725,391.9041373439612,540.6833877291956,0.1612364711509434,0.8704747126847948,0.1464225858246302,0.3208728599392205,2.812035754770539,0.1601736923426279
lc_0630.txt,12317.664791421064,68104.79048288181,55787.12569146075,424.1077603768625,336.2334329715631,0.1783535855419646,2.149635690958744,-0.1813044724288698,0.0892772502998031,1.7771006345891054,-0.1946633873966262
lc_0631.txt,2847.5278672108543,23054.93775845245,20207.4098912416,355.44666177832966,233.3118382083613,0.0631103695088599,3.021699335628081,-0.0086827486531634,0.0330573502982804,3.4570951493377367,-0.0122524642684936
lc_0632.txt,-45088.98075615461,259929.51650790317,305018.49726405775,286.7411531711794,413.5401312622893,0.1443692970969148,1.23734649481083,-0.3227227557879562,0.2673013190766201,3.2547406542744097,-0.3129948804960481
lc_0633.txt,26674.293661085685,127035.1688653624,100360.8752042767,379.2073556304956,353.907935051541,0.2310541094109974,3.492200869643788,-0.2470249682158231,0.0656505442892319,3.068490208490474,-0.2470572153498917
lc_0634.txt,2374.7718339794674,6239.763465369162,3864.991631389695,438.3570773530762,325.0477946084365,0.0595397792171597,5.727746343867034,-0.0087410538246815,0.0224511853190968,3.182471716471195,-0.0074069270054627
lc_0635.txt,1530.5484894862093,32721.525357487124,31190.976868000915,366.50488779849513,519.8315084369016,0.0619463336729279,3.923524129471178,0.06006150304916,0.1307021218100189,2.060780901873527,0.0626881638821682
lc_0636.txt,-364.4482791277151,4610.1786222967785,4974.626901424494,333.91732465161726,549.2036568940039,0.0171283870989513,3.633897903506474,-0.0044133808665959,0.0304541639842871,3.105906051535311,-0.0038317256048791
lc_0637.txt,-6943.231662213333,24345.863762102977,31289.09542431631,315.0398438581768,437.018080488179,0.0398496907086001,2.33315786590206,0.026994979894071,0.0819483786995586,3.439098186778006,0.0266193631928746
lc_0638.txt,8217.349873515457,177642.91602557508,169425.56615205962,381.899516931628,358.324358876272,0.0872963771457359,2.6013003412896976,0.4403736276387517,0.0447184498324145,3.656635856238837,0.4360965334044281
lc_0639.txt,1745.6221614353235,22360.464191622235,20614.842030186912,392.024264724452,330.3152551650455,0.0359043785058661,1.5812908428640975,0.003960919149449,0.0287662087860366,3.2943544862207306,0.0034857214344397
lc_0640.txt,-15353.339886150923,19699.160231602466,35052.500117753385,292.9839926359312,382.4903371793732,0.0342232305359721,3.1628657022348245,-0.0013657763640188,0.116133901230862,3.130834587668525,0.0020622463170905
lc_0641.txt,3382.95624528189,33541.543450209734,30158.587204927844,416.3833774194732,321.677011461778,0.0951269551657896,4.918925173074114,-0.0853256443700606,0.0192342989716759,2.63177326955546,-0.0785521953627176
lc_0642.txt,-44071.79440655722,249214.3279547349,293286.12236129213,399.7447787149183,408.7709485225689,0.2394941271528103,3.996544477302765,-0.0148238635514095,0.3622285423917183,3.425480685326207,-0.0272050213718171
lc_0643.txt,-53058.54868193006,233212.28978307903,286270.8384650091,439.8963104026642,499.6006480819749,0.2148444839483697,3.173919123924738,-0.1218247762615312,0.2115234133407399,3.225577785306652,-0.1288893745593618
lc_0644.txt,-24211.15342181333,55145.70628407587,79356.8597058892,295.1215731344687,379.69951014309765,0.0419658598011438,3.431471890541833,0.0194067380414187,0.150746724736114,2.69106809735153,0.0206565183475107
lc_0645.txt,13237.581845564317,43601.674766797165,30364.09292123285,456.41047246483646,287.8822886882588,0.182653878846365,3.603393467310443,0.4903799970615511,0.0525835461876993,3.0499327190363665,0.4651765418408146
lc_0646.txt,2152.306100557107,18385.64419293782,16233.338092380713,406.15523008718174,364.7468609611467,0.0828681419247603,4.403711296333603,-0.0323314232725858,0.0362587754931914,2.750715057831985,-0.0290971748115656
lc_0647.txt,586.7894306472344,8514.42818939067,7927.638758743436,403.2866340427042,301.2419733254962,0.042802913504398,3.1035649532451206,0.0162435902039162,0.0105323769655771,3.5957878591191457,0.0137568913927235
lc_0648.txt,-43810.71812745932,102577.63039291224,146388.34852037157,447.6899607939765,745.2872275695129,0.1827678840581302,5.901563902495923,-0.0139779955894629,0.2752003528647914,3.0614315199384072,-0.0119691519675344
lc_0649.txt,-1160.9979967824474,46512.65147132633,47673.64946810878,396.57915894605503,295.97821011350203,0.0685149354474715,2.6616439215001857,-0.0411426630476035,0.0054962234125751,2.9876137588412264,-0.0448045674961168
lc_0650.txt,-7154.143113944483,21766.699041278476,28920.84215522296,360.1736794158365,666.0443541899148,0.0714810904525683,4.612928726081648,0.2852624282722155,0.124634511667428,3.4415547193090563,0.2936138118999631
lc_0651.txt,910.54333264285,7869.49169310228,6958.94836045943,342.5103909536318,384.6129087610206,0.0234116504378565,2.9983902602693773,-0.037284561820999,0.0096162042202253,2.789015165468833,-0.0364636387174248
lc_0652.txt,15971.714427174622,90518.41701438613,74546.70258721149,415.3372886423107,477.2535848489264,0.1304120861927294,3.0810750686119666,-0.0738244587309205,0.1312537114389455,0.6703274522111028,-0.0847142382514373
lc_0653.txt,4113.363129524048,102534.28512010514,98420.92199058108,380.1626842383692,429.6512862791488,0.1589508846699036,3.357236726270944,0.0589305217301568,0.0752716559624876,3.0666275477123257,0.0426259070254822
lc_0654.txt,-11783.92219185243,32384.49725393637,44168.4194457888,379.9362671135126,453.606462878341,0.0810313691194265,1.5875896096029027,-0.0453242372877256,0.1377163559394542,4.584740022820665,-0.041246453423219
lc_0655.txt,1588.5078024451795,18330.455881762704,16741.948079317524,342.9781754515682,604.4950984442969,0.0387984685777351,2.849556392592501,-0.041232814135617,0.031505960582235,3.1082286751099453,-0.0446537675019108
lc_0656.txt,-5180.994721412802,14804.00622867242,19985.00095008522,385.05897785158805,611.948253855114,0.0508940513182085,3.895333358617452,0.0166489322991822,0.0675085726776816,3.429991097968171,0.0144700104614936
lc_0657.txt,-4289.912068449194,276114.098850276,280404.0109187252,350.6575334339575,375.93821916242575,0.1348811622889003,1.8552860515494385,-0.0125476242248565,0.1330490453544767,3.705404177534217,-0.0153295789017566
lc_0658.txt,-801.0225406257923,11820.99991702458,12622.022457650372,396.1804210218892,388.1006547187595,0.0299410285940252,3.5534949151473185,0.0424097045875291,0.0252386979141077,3.570388488855198,0.0428558355548999
lc_0659.txt,-48.53560170262904,663.9535640199224,712.4891657225514,325.32192958465026,363.5899258558413,0.0117008387390968,5.062732147865327,-7.624840030698242e-05,0.0287197682910035,3.4535947852898423,0.0011605264585741
lc_0660.txt,3343.0421543226657,18504.773690691956,15161.731536369289,370.4430692456394,288.2051028884096,0.0673715764539334,3.3194227058604877,-0.0404803534640341,0.0492991198197534,2.9049306298780464,-0.0493743992599184
lc_0661.txt,-710.3969423669978,5749.877447652962,6460.274390019959,371.0810599488845,357.9855389692588,0.0282274018975508,2.821702919886365,0.0331575390370659,0.0554267904866672,2.7940958148781374,0.0337349985045063
lc_0662.txt,-23392.443055095835,75820.85809114385,99213.30114623968,356.7952681578409,408.687345852389,0.0565162178664184,2.467233091590099,-0.0438555701746854,0.1999479511923553,3.0388279218543413,-0.0391412374020263
lc_0663.txt,-2583.7234533582514,4170.150784642476,6753.874238000727,329.77627524508154,302.1988208957027,0.0273178744764947,4.101640396011529,-0.0288759372559941,0.063622756850821,2.8397136052263385,-0.0270447449182885
lc_0664.txt,3843.764625355623,30290.891146790527,26447.126521434904,436.5627452216908,255.54073411325052,0.0547030180379845,3.1912579925134543,0.0440408790577085,0.0055512388680637,3.151745896454341,0.0455650476288188
lc_0665.txt,-1976.78225107694,23096.102552774573,25072.884803851517,325.2336812136013,338.0962884281782,0.0674294527904629,5.071157028586572,-0.0426091936146255,0.1287507716629191,3.5134482406890744,-0.0307199445051545
lc_0666.txt,2952.681808119207,13726.888595920918,10774.206787801711,403.3071462069226,352.9517523694147,0.0437406957592252,0.8729533889380919,-0.0386941083120659,0.061328302790868,3.98823838611244,-0.0364499152751693
lc_0667.txt,14950.075562544223,210615.282572548,195665.2070100038,403.01378690253017,535.1255581335329,0.1917151552659542,2.9687240226274594,-0.234376833875849,0.1919421458047004,2.892124506333236,-0.2485957982941444
lc_0668.txt,-9288.111130637852,18708.92464497332,27997.03577561117,363.9378427784982,366.3730154421765,0.0330294834163132,4.229302146862628,0.0855158212323585,0.0874506732307989,2.267125600379454,0.0872617223420627
lc_0669.txt,-3066.7925438663297,53367.72582216834,56434.51836603467,318.6131667340918,344.527929171815,0.0988457188285238,2.59563085306761,0.1219003680997837,0.2004012674290416,3.236606142075177,0.1156431445057002
lc_0670.txt,-7623.987564034294,19336.36654921673,26960.35411325103,370.6197099030644,342.6267030518084,0.0259622033285885,3.271772996386772,-0.0250716128470987,0.0978363117234923,2.3581280739950303,-0.0230137329516452
lc_0671.txt,718.18371768414,11989.122128520086,11270.938410835946,401.4035002520092,314.86197513250977,0.0323114475749134,2.976673439636278,-0.0183897736556308,0.0083072891647847,3.008394471682614,-0.018452346766408
lc_0672.txt,23807.424577141268,167948.95735630064,144141.53277915937,345.6006324198878,595.8672102037635,0.1371916750337424,3.1467489305687204,-0.1414734044393947,0.0793856241237313,2.943207572212324,-0.14756769973622
lc_0673.txt,25355.552464683613,74041.34780581921,48685.7953411356,676.3736918352387,422.5208257950346,0.2001754526937839,1.770031070275886,-0.0002640841151211,0.0395411339986694,3.4918688049609408,0.0153468901726963
lc_0674.txt,-128.2018615351517,15305.529428657235,15433.731290192389,349.70376754943027,446.13229350799554,0.0294719025997028,2.9981752657297966,0.0371283305669364,0.0138580063540373,3.8047002636493295,0.0390309233118066
lc_0675.txt,403.8969111761599,9381.781608320996,8977.884697144835,363.6491777556324,405.4844012781912,0.0174539936716144,3.183077437775131,-0.0161781572369388,0.0131180381908246,3.0803078571357174,-0.0156863557832585
lc_0676.txt,659.8589073814474,21920.47805818874,21260.61915080729,351.53358833871084,429.4264484596264,0.028233127169913,2.9757117696734143,0.0268660586817842,0.0313959058112444,3.300218311892539,0.0267722920303503
lc_0677.txt,440.5542363072327,11493.011707505788,11052.457471198555,373.0455515191759,505.7344573002485,0.0527660104454911,3.2898656194739764,0.0109667463751903,0.0802654732223815,3.352518831392644,0.0074948207353789
lc_0678.txt,-3102.0865876210155,580459.3483223667,583561.4349099877,378.3172251956955,561.5914703872119,0.1743566565215325,3.1977824126907084,0.0605211944688227,0.2352260188083431,3.098206597454176,0.061082872543382
lc_0679.txt,-32009.34144370463,41561.29681044711,73570.63825415174,377.264604159542,357.58856587191906,0.0844523761830445,3.786955050458617,0.0639052501843014,0.1639286954051471,3.251675190814378,0.0639689932454598
lc_0680.txt,24917.37656955555,235478.37893725943,210561.0023677039,414.164363552978,456.63179201055686,0.1970946576481945,3.510150597928409,0.0340283978862405,0.1255995385056579,3.0514162671791483,0.0255588993046183
lc_0681.txt,-7422.564647585321,47772.41717333809,55194.98182092341,404.56694436798216,589.0728931058144,0.1134850073715301,1.165022278685275,-0.0570507149151533,0.0871026574416766,2.424025483485073,-0.0550056739894401
lc_0682.txt,-17024.907601487066,76952.14250570186,93977.05010718892,343.45482890300764,610.7851335727521,0.1006882850260031,0.4293566406745795,0.0197645189830381,0.1977632661765607,2.8954606671841883,0.0195583596589501
lc_0683.txt,-187.70745819886903,7337.353267604154,7525.060725803023,360.663321630805,315.9186339999389,0.0301454189043484,2.2766314118582227,-0.0683461791490875,0.0141421871436916,2.91768115175222,-0.0713839953160304
lc_0684.txt,-5155.328783762467,237286.3424282332,242441.67121199565,432.51586472649393,405.5879623054007,0.1111441833566223,3.211519568786089,-0.1145792684085006,0.1741072356112029,4.443240530362852,-0.1203830992148716
lc_0685.txt,16670.642313607153,389405.0008865622,372734.3585729551,388.177402544996,389.6490345981879,0.1527663579120505,3.985197972234624,-0.0721142020661099,0.1403615420118887,3.137515748355267,-0.0796132032295374
lc_0686.txt,1253.894861042303,27733.212911510425,26479.31805046812,299.9672319727677,234.53713305026184,0.1105029896745899,3.751994491716844,0.1156885865941683,0.0772575563162538,4.036359777705055,0.1136516861689906
lc_0687.txt,701.4865775569415,24846.27111323453,24144.784535677587,347.474407784921,305.7097610528673,0.0938186996319311,3.272222124916843,0.0805121416897422,0.0359519964459404,3.201354726100144,0.0684869431976151
lc_0688.txt,723.2896673165887,14496.048243298135,13772.758575981548,379.9272989638868,383.9104332979154,0.0227856578196899,2.7593850809739515,0.0080930394437464,0.0108952775872013,6.021427251088589,0.0067991832607412
lc_0689.txt,9786.002354564407,31724.30749970259,21938.305145138183,421.17702619447886,307.76750842583954,0.1422656428856308,2.759401803923048,-0.0129780298630339,0.0210385828440296,3.2252754504097534,-0.0381962028284389
lc_0690.txt,313.2523198809049,7208.473160701751,6895.220840820846,335.47950704936574,350.8196556108928,0.0195532600925103,3.537959637557659,0.0557940350884711,0.0134505214573696,3.248398760492641,0.0554255323831534
lc_0691.txt,-104867.93045337594,233778.9475530921,338646.87800646806,393.00651888255175,534.7765842332327,0.2697935962683087,5.070559836650179,-0.0114157172439632,0.3864968331361537,1.3769782248543951,0.007671450398411
lc_0692.txt,-17374.021234368614,128476.58980665996,145850.61104102858,421.1534561229967,374.11807108409056,0.1623026102164452,2.5637176138986746,0.0537758061852255,0.0661199391088075,1.1310074282015512,0.0361158841385122
lc_0693.txt,12852.378902089884,109729.96254332535,96877.58364123548,387.6985457692134,750.66422741859,0.2705925018710933,5.76108238064898,-0.2083540830059099,0.2689993179179412,3.228384920178156,-0.1656751309351663
lc_0694.txt,1957.7099580467911,125656.97345327064,123699.26349522386,366.1135682209472,327.7590554205278,0.1222143479520731,0.0079645537660444,-0.1318483966601963,0.1489726739204583,2.9704757715561634,-0.135056831568358
lc_0695.txt,-239.2716197577765,4191.060264050447,4430.331883808223,409.6924811238024,307.77032272482097,0.0235921339888916,2.990750517935065,0.0225520130767038,0.0127054546498633,0.0182211132519704,0.0209361360322188
lc_0696.txt,489.66524166,5224.420910161984,4734.755668501984,321.5786535955904,415.7951771364724,0.013617301388347,2.454386724067889,-0.0049026571783885,0.0098212358592096,2.7375776011506163,-0.005070480443926
lc_0697.txt,-386.21673166521487,7640.390999605959,8026.607731271174,389.3636636539046,460.6835128468184,0.0287103690291032,2.720257402449505,-0.0062609219447799,0.0318270584019138,3.1419207013034427,-0.0047353969473222
lc_0698.txt,-120938.01111243566,175597.81462631054,296535.8257387462,325.8977267512731,506.5559861093597,0.1313284268857946,2.96654595873966,-0.0369928225951676,0.2871919111500636,2.747440337646044,-0.030391970649165
lc_0699.txt,-11290.43897681652,58336.27972121836,69626.71869803488,355.00593385564,356.3763944498359,0.0513574688551242,0.5557758108125382,0.0732005695568117,0.1555809907835754,3.4689998073248005,0.0778030845829443
lc_0700.txt,1452.3264659127872,7338.142430873882,5885.815964961095,418.2610393203331,350.0670828281599,0.0659940016930339,3.2943989776525364,-0.0535694896765768,0.0076307857215547,3.10064136628363,-0.0572565739511679
lc_0701.txt,17251.23601844613,179786.4691151999,162535.23309675377,371.43817710360463,517.2147992901942,0.1609327078314031,0.1033385166914452,0.0425899652354662,0.2894527708244794,3.588322020078561,0.0465926147829956
lc_0702.txt,4525.123104443399,27161.945376541906,22636.822272098507,361.1087579730305,378.03458530744064,0.0795668284183619,2.579806308095665,0.0416347353126778,0.0467672991395457,3.1189157462331014,0.0340272512165562
lc_0703.txt,1192.4149318247146,42470.841886833536,41278.42695500882,391.1947670181557,438.8823217338824,0.0651495691492904,2.7533982699952806,0.1020168071703251,0.0342525002863596,3.496888876645485,0.1020307484161581
lc_0704.txt,12813.811358264647,82072.65676658147,69258.84540831682,305.29253769004805,460.3495494244183,0.1052847786755582,3.461489798697756,-0.0917206887020925,0.0643434861501117,3.4795541923205557,-0.1032018759178016
lc_0705.txt,-1248.8527307538898,38331.93465725497,39580.78738800886,474.17687174049513,513.9548750667653,0.0981188536364936,5.966732877664299,-0.0711714216616851,0.1599758303010594,3.099637169256199,-0.0708666845141684
lc_0706.txt,5573.686874639017,62137.80978234153,56564.12290770251,431.8921677876856,346.09356468062134,0.1993431398707747,3.818141410245594,-0.0457136217364359,0.0575430866917624,3.420976213307893,-0.0410015117936933
lc_0707.txt,-1376.5315005985003,6672.394100612862,8048.925601211362,361.2374089117665,526.962490068336,0.020584108650029,5.381841784938718,0.019734869535675,0.0339127857762133,2.379644490217552,0.0214400801097959
lc_0708.txt,-174341.2339951094,335632.4458329886,509973.679828098,421.4581924637189,620.5260792150573,0.3621649327661905,4.963437196689336,-0.0566620294889412,0.5481746161866902,3.0576147351324314,-0.0832102189750841
lc_0710.txt,-257.0403018322361,1502.2195864107978,1759.259888243034,347.60493684281647,314.5936562516317,0.0192777569764805,3.57662911307566,0.0137507880086657,0.0093937959943029,2.662455320370006,0.0128119471190293
lc_0711.txt,3196.2078364829213,41087.65736767103,37891.4495311881,394.3031188256272,299.50372229866986,0.0587716152933508,0.7450435716767042,0.2435423074816137,0.0102731950328042,3.155590863918401,0.2468345415395508
lc_0712.txt,-218.71356492055796,2243.5120697087505,2462.2256346293084,340.59566407880993,425.8822796338493,0.0240719624478548,3.171016322431439,0.0323502383441525,0.0117877229413165,3.379647785646957,0.0299547731761001
lc_0713.txt,954.673626980266,16224.263667035291,15269.590040055024,419.57036530245074,446.8489890289261,0.0348852131512902,3.7521469294744416,0.003092844311134,0.0195161294575257,3.2281904663752736,0.0011207919927711
lc_0714.txt,-22484.201852139784,200028.3133165707,222512.5151687105,424.4100782938352,360.1876451492218,0.1755958597740756,2.6957987842401017,0.0096254425812765,0.0807468644196059,2.855749441122746,0.0078960901207541
lc_0715.txt,1926.747825683144,14963.480990539612,13036.733164856469,499.7828371399625,202.9729698827433,0.0659995599295472,3.2016063404337047,-0.0671451320644398,0.0353503181018267,3.078485113440527,-0.0678189613398798
lc_0716.txt,24689.31550923432,257974.77343968657,233285.45793045225,415.3103237950661,622.6290338085847,0.2340280612950692,3.933527498446351,0.0217774377711363,0.1695746670612016,3.273063352985175,0.0092472116688291
lc_0717.txt,-1756.475020575167,2746.9950799251737,4503.470100500341,452.29186163258,395.7243385591843,0.0321155018140691,5.730244389694911,0.0055567093374695,0.0508879118974928,3.1922159319725285,0.0070693519325887
lc_0718.txt,-2030.346862506992,7414.031201324163,9444.378063831156,379.7125087451439,475.48816246149886,0.0205194945167682,2.094423705603816,-0.0044732122453555,0.0491476638568622,3.2245399497334577,-0.0028638362501501
lc_0719.txt,8077.750763619348,134855.0141127627,126777.26334914337,361.7186695127693,488.0751121786128,0.113958985616525,1.4632393495617464,0.0708037320412535,0.173934805128391,2.8996834979187005,0.0737040246671957
lc_0720.txt,3276.2544841852505,50291.78826855459,47015.53378436934,400.10456229076215,442.81601255676975,0.0799581596076798,3.24266351271482,0.1940689882446199,0.0180695810950433,4.9695003881896405,0.1875193209468899
lc_0721.txt,16092.823560442514,152788.42669265717,136695.60313221466,368.1784415013455,307.4056834319501,0.2493162380262255,3.863915017539463,-0.0329278276326722,0.1232728876734147,4.550431707494784,-0.0289809694611039
lc_0722.txt,-526.0247659106553,3815.488135445826,4341.512901356482,353.777536897345,403.4748588059289,0.0381905938166681,2.5048462476552644,-0.0229344256954368,0.0435086662927242,3.765775114399855,-0.0254751249299641
lc_0723.txt,-2526.7214609250223,64234.59018290987,66761.3116438349,388.66419963180897,624.6428409635813,0.1145876788664008,3.050127980095285,0.0793916840972914,0.1986329240234547,2.9074561516378035,0.0619987261690991
lc_0724.txt,-66289.98617734548,192340.97688506605,258630.96306241152,342.7544464325944,422.4574364433249,0.1167381769757078,2.656162688883063,0.0778118827496462,0.2975859858554868,3.406568345295335,0.0872744751065026
lc_0725.txt,-3687.168882533857,47422.473107975246,51109.6419905091,389.2692774179194,393.8763269287537,0.1034655529829495,0.4815027727663395,0.01962177184093,0.1526481834567159,3.354999444204954,0.0209935031588331
lc_0726.txt,153.76896350747893,3685.258007058488,3531.489043551009,323.7024082931292,351.28163383578635,0.0158628910310899,3.0428166868664355,-0.0138526112501263,0.00408154410613,3.338404233331782,-0.0140520315517019
lc_0727.txt,13911.764037427492,61347.39273431907,47435.62869689158,347.3962014214864,398.7147218914493,0.0967085242812018,2.247521465251826,0.103136209520853,0.0535013085304883,3.1404476695000185,0.099558431300106
lc_0728.txt,3314.00231175686,11012.927207495975,7698.924895739117,476.5408888525311,290.6162445142743,0.1187211936559965,3.585916254269875,-0.0428220524601984,0.0318442085852777,2.8841652452823454,-0.0794831778457888
lc_0729.txt,-2131.133285847958,97095.43559196178,99226.56887780974,386.7700992345505,340.55697037268004,0.0682491198992164,2.8434962132544457,0.0114670974712963,0.1357829393861813,3.066958008969798,0.008433447529333
lc_0730.txt,-16477.818706551858,267179.04492225806,283656.8636288099,349.37486991916256,562.1752126052387,0.1229041292148328,3.559417457381733,0.2010773937684925,0.191753324553337,3.424299203170049,0.2026992897300957
lc_0731.txt,-2323.8814685163834,7441.633128090458,9765.51459660684,406.8490863595726,433.7756789088556,0.0470004784124021,1.1249674580365674,-0.0187990640265406,0.0805331909311134,4.5182385090709705,-0.017204390114996
lc_0732.txt,-27989.98521473391,105677.42517653183,133667.41039126576,380.60238496704415,554.1584726968387,0.1010385964103818,4.20766356574646,0.0973905049900901,0.2455947623694023,2.966969730512039,0.1032024919739753
lc_0733.txt,-36412.70672122564,287993.2172610504,324405.92398227606,404.42493726967433,466.7872796097474,0.1119712834954825,3.0437254478732583,-0.0353836034689497,0.2783464123050872,3.8516285764796088,-0.0281812809420736
lc_0734.txt,-3041.8779071649187,19879.15872762599,22921.036634790908,364.190574164596,676.9507215360828,0.0440406013682056,5.033510067754276,-8.376488590133831e-05,0.0879506012893856,3.068708779346468,0.0022240643017636
lc_0735.txt,11202.6436064452,140279.61982084566,129076.97621440046,399.41776829109824,531.4497574638965,0.179742817640396,3.9970601518601936,-0.0512506762460416,0.2290476598605919,3.228409538165467,-0.0744110767459168
lc_0736.txt,-3093.755873567634,14092.474737569484,17186.230611137118,318.0406687338126,334.39048990948527,0.0300489157684468,3.180625862174636,0.0051565181061595,0.0818091633345427,3.1447857592022124,0.0053381381808509
lc_0737.txt,-1170.7660539862918,55176.92910822514,56347.69516221144,443.4118503021922,295.4773458806785,0.1446497014582409,2.0049106039584763,0.092560381180105,0.0819820717284991,4.325691582709231,0.0899710367223558
lc_0738.txt,-50039.6096163824,210410.74301531544,260450.35263169784,335.6533268921417,321.4294159185751,0.1021817647083159,2.994480289893635,0.0064706961547985,0.2963706099466751,3.972789407989765,0.0112129807143448
lc_0739.txt,-957.6655485597912,21677.996644615825,22635.662193175616,441.3326374028112,441.0225713219887,0.0432192484105484,3.854914240853125,0.0387544940109575,0.0969873439737504,2.590474387470876,0.0389460289825546
lc_0740.txt,-6798.329445115814,70644.56104581713,77442.89049093294,396.4445541754174,282.6631588731151,0.1043740794956201,3.324805419136481,-0.0413380403969822,0.0526135335954672,3.607492459649916,-0.045888604429834
lc_0741.txt,-3643.353433333396,66623.22007976857,70266.57351310196,443.6260954917767,234.4651378030441,0.088161968965194,3.4387983874835157,0.0453938188375133,0.1010574756896577,2.2978375249936067,0.0392240653101153
lc_0742.txt,-8413.350742070048,60555.16902389664,68968.51976596669,326.0847422643549,364.20401105743457,0.0660191767212116,2.911676584594778,-0.020036932148595,0.051696725169913,3.4612462940156017,-0.0195865847835648
lc_0743.txt,-31084.29688932521,108561.4249660706,139645.72185539582,409.6086076825584,519.7608244583113,0.0721400146177457,3.829718839874572,0.2313870822929014,0.1820734712201726,3.1809957169564944,0.2343317066340484
lc_0744.txt,5826.560035691909,60828.16128393101,55001.6012482391,391.5647129113892,365.37490425729817,0.0863360452087101,1.0529929142258734,-0.0097023284634066,0.0554553896058622,2.871317975786091,-0.0057568563806858
lc_0745.txt,-1356.222477620051,8032.482013666582,9388.704491286631,394.2684593129895,608.7282153420975,0.0286327229027808,3.842589373304803,-0.0289135247454774,0.0476469320340438,3.011142547614731,-0.0281591422875454
lc_0746.txt,49478.831707885314,268529.4593457708,219050.6276378855,399.76974699879565,2000.0,0.1941111992112984,2.674473794505257,-0.0426339336673297,0.0,3.1416071613051244,-0.0372879945923316
lc_0747.txt,-2694.9757196686505,6640.298483423971,9335.274203092622,365.2677438801557,1136.652565054642,0.0447720436257358,1.8579470869243089,-0.013916158632533,0.0708014600054025,3.204777920556459,-0.0146329812545505
lc_0748.txt,768.8659676479874,54228.18905881609,53459.3230911681,358.7888852921812,388.7764896834333,0.0668784749284221,2.7704766739222317,0.0124504512444929,0.0432687892189633,1.9363029269255576,0.0095944021033463
lc_0749.txt,-10055.281829348882,219337.5036718147,229392.7855011636,385.7922815645956,290.26631626707746,0.2139861882320942,4.555250269021295,-0.0652918000035791,0.1548544398337271,2.8962949590418305,-0.0657345661220901
lc_0750.txt,-18908.813624623755,155699.1966667918,174608.01029141556,363.8869111975471,325.3694727550484,0.0920218741313172,5.856759227250234,-0.1723926540077516,0.2676073635366623,3.049720102481168,-0.1640020729402957
lc_0751.txt,-355.05940832300075,5523.04604257768,5878.105450900681,326.77106491599113,288.4746050450437,0.0161465528245209,3.521100171797124,0.0201969127195537,0.0095249517981611,3.8265360940434263,0.0199530236176559
lc_0752.txt,-276.792180742028,19733.863818692986,20010.65599943501,328.2005936019385,417.4961618180652,0.0548987533858046,2.3361260205077503,0.133759675614569,0.0374826382253776,3.225575139883422,0.1293842743534052
lc_0753.txt,2449.6082993472664,37739.57189262076,35289.9635932735,384.7362799905595,329.9869835735663,0.0673654879678751,2.72462444455885,0.0858710420328146,0.0364723745355562,4.83654193860547,0.0857186441915733
lc_0754.txt,9.554551330829328,4047.288243306498,4037.733691975669,368.6458259315448,462.2113381605608,0.0339333392326776,5.963874397399398,-0.0618110125929212,0.0567572396949406,4.880852773081641,-0.0573735838745078
lc_0755.txt,2855.510019355512,184292.8478975401,181437.33787818463,406.0232741802722,330.2122775244886,0.115243032213163,0.3163946244405919,0.0412116395587911,0.2921352415228776,2.717770551296851,0.0634028199273189
lc_0756.txt,-331.8387003767825,3141.04032938791,3472.8790297646924,338.90448535947445,625.238513315405,0.0277701053128073,3.2798981376349894,0.0112415702370605,0.0517998126539818,3.1475948428949896,0.0069183734399163
lc_0757.txt,3498.7212346630117,57720.29933201033,54221.57809734732,364.8912990262504,487.63299270878014,0.0423411500605748,3.1305781223651308,0.0083588166761483,0.0869581024955725,3.064631699137487,0.0071077225425453
lc_0758.txt,-5441.455598437829,11245.62882016117,16687.084418599,381.3967039159801,697.5228944480727,0.0304816026713051,3.679310868254088,-0.0369745636726142,0.0666865589448242,3.5790999502760767,-0.0383481254928601
lc_0759.txt,-30458.81297740636,60780.11565085026,91238.92862825662,388.22487716418857,584.7613574141495,0.0878763380179661,4.159635108916822,0.068313372600493,0.2277724859429388,4.019557803499295,0.0814453248002801
lc_0760.txt,-8653.182040385364,45192.25441877547,53845.43645916083,366.67030438252016,326.25278134747026,0.0362164135572637,2.858100685597084,-0.0064533870828818,0.1427838460376129,3.013622079130255,-0.0006694844678776
lc_0761.txt,-55944.06339905798,207836.58534870108,263780.64874775906,379.2727803336976,241.89483297681545,0.113076467881257,3.346757361592074,0.0050503155525412,0.3005930819944128,0.0958361112585249,0.0038380538815506
lc_0762.txt,608.2879656681498,6448.350013480849,5840.062047812699,387.3104223068613,285.8664280456777,0.0254446508458123,2.799873904252485,0.0249873003630698,0.0042927711969355,5.766738768427787,0.0240911638530903
lc_0763.txt,-3622.4197251678415,56550.59136429515,60173.01108946299,359.34446773310646,366.7287698863225,0.1026101605589844,4.985125637046974,0.0563247589315805,0.1881055405812087,3.4862264652446693,0.0620460419023867
lc_0764.txt,-3439.3238448673765,11639.180600912452,15078.504445779829,410.810814309825,426.2222097678773,0.023457492074869,4.687641291895148,-0.0412493644682214,0.0680267084980937,3.056226144912628,-0.0391360667184289
lc_0765.txt,298.2502990342264,7042.147086186428,6743.896787152202,401.3695139740916,291.4499203854907,0.0341371912446439,2.181507486678825,0.0329885334586508,0.0101729185039616,2.091842183641371,0.0326791559694495
lc_0766.txt,705.204720150934,18238.56079464349,17533.356074492556,387.10747582385886,282.8148401637967,0.0469583843068665,2.5657961237718125,0.0322421662067686,0.0868751118684458,1.217893785910531,0.0328415233246878
lc_0767.txt,635.2625720329524,31591.767578297924,30956.50500626497,364.196677489662,324.2916974125458,0.03698800090538,3.047238202508353,0.0523132277475273,0.0350123679588719,2.9403825159379027,0.0522850177565148
lc_0768.txt,-2075.5551272234734,75204.61784094013,77280.1729681636,346.25038126488727,624.329381721612,0.0393084698827295,1.832860244431335,0.1610831346061636,0.0160230137034441,2.4405098403082297,0.1620303882086141
lc_0769.txt,414.4213332762329,4173.059501452471,3758.6381681762377,315.462163279642,302.6645605293816,0.0303052414222816,2.524904680835625,0.0020311244564729,0.013829889216465,5.333397765679475,0.0019280316586147
lc_0770.txt,-83616.91637184378,344370.8800690633,427987.7964409071,357.8211312062303,379.4025045151883,0.1803539457038134,3.0490697386921783,0.0599271902458476,0.3315921562639082,2.532675925911403,0.0636934064710299
lc_0771.txt,-1676.044370675054,4522.985370046363,6199.029740721417,325.39517309123664,409.2722949128295,0.0191597577338745,2.718257434551818,0.0032756568967448,0.0491311154891227,2.2836267237910044,0.0042491876354445
lc_0772.txt,2234.7785956692387,77237.65082331843,75002.87222764919,349.71646379880326,428.05932796337976,0.0583016375916303,3.3577383069426747,0.0862017582031029,0.045499788947544,3.0069121695130363,0.0860662927593586
lc_0773.txt,591.3962520310779,10506.951510084253,9915.555258053171,359.2433486207512,437.0510415964623,0.0240747796113825,3.191033122047309,0.0022101111208237,0.0235173146919596,3.37484387365998,0.0022261942605223
lc_0774.txt,56170.27002431959,311153.51230652875,254983.2422822092,417.17157106923247,497.79301484824,0.1871841438237466,3.1667181316890063,0.018870872918224,0.1367351946015171,3.271311522166138,-0.0009717340104203
lc_0775.txt,-413.8765595704899,23925.102775345254,24338.979334915748,461.3658776947221,307.6104274358746,0.0669472777739511,3.1223396962224856,0.0468572108309859,0.0547276121039327,2.5230629991249294,0.0459788661756458
lc_0776.txt,4244.980525073799,165736.31493665534,161491.33441158154,367.47164759239655,293.9417111778829,0.0710674279409265,1.992479488440411,-0.061573664253258,0.0998561151136684,4.991940757223457,-0.0605911471724157
lc_0777.txt,1816.1921958593448,15706.943545186274,13890.751349326929,382.59159993724194,428.32156807809696,0.0288486151332042,0.0257445752132395,-0.0496301696941165,0.089615335175302,3.151526611419341,-0.0476351744781683
lc_0778.txt,-4874.594479568885,147960.20053135493,152834.79501092382,359.07622021087434,364.78402886228105,0.1419449396139597,4.80593010535864,0.0050796813399601,0.1933885820431669,2.901637360628552,0.0095332605693749
lc_0779.txt,-778.7016247919182,2583.633423447692,3362.33504823961,402.46910363703,422.0918994016424,0.0170509556804488,4.038733748469943,-0.0123022994288818,0.0332123508605032,3.158191097878328,-0.0116810263363096
lc_0780.txt,-1312.0683037234703,142932.36887343347,144244.43717715694,382.9659523161958,456.1623325228376,0.0977772887696173,3.4384876231515777,0.0703574720317123,0.1081686476937996,3.841071622556593,0.0721036749683368
lc_0781.txt,510.31400510099775,45244.60571917871,44734.29171407771,457.4542741959353,568.5562253119213,0.119715136717152,3.265634939743484,-0.1983303165808706,0.0352281151325188,2.952007183980648,-0.2015476739190713
lc_0782.txt,-648.0565857964939,15832.607712732712,16480.664298529206,398.3583723618713,488.7426166580394,0.0573437084257613,3.646531451438653,0.048900709493295,0.0443118586134337,3.103178416386568,0.0461472428472618
lc_0783.txt,-2909.0522492425544,7072.023150527421,9981.075399769976,369.0924892094735,375.02773318593984,0.0120873130115707,3.583852212612103,0.048912933986903,0.0506132197689176,3.035751611368019,0.0508548641348114
lc_0784.txt,-1734.383945806856,13219.15728340616,14953.541229213017,389.73822971714594,630.5686103323068,0.0276226051108429,3.5916380272259567,0.0457414872434284,0.0603077513685465,1.4272173213114157,0.0456033817638643
lc_0785.txt,31079.370666309987,99472.73770673604,68393.36704042606,414.9978797876147,224.1821802447066,0.2328008658280175,3.0832022738465685,-0.0356792398831087,0.0526131029464723,1.917643811258101,-0.0426091190021224
lc_0786.txt,-480.3924256005848,9468.621916701508,9949.014342302093,350.99967162392744,479.65067505080987,0.0218454606959698,3.465107312280846,0.0032446965773994,0.0626176340720645,3.274023364099477,0.0062940834856488
lc_0787.txt,-275.7200647343125,9254.146686888484,9529.866751622798,433.90324420595806,326.3303798386622,0.0277583001000887,2.6893592623273124,0.0090195523544749,0.0112769380665102,2.801471142743736,0.0067141803017814
lc_0788.txt,4201.765431969197,36157.39398190013,31955.628549930927,378.2927855932155,371.2181101279671,0.049719765588253,2.234382968864479,-0.0188214465069266,0.0367019255364243,3.507193996304929,-0.0161387034259961
lc_0789.txt,2741.539123319061,9691.022187489873,6949.483064170811,398.35565773028856,283.1632514103279,0.0471324575178832,3.074681268363091,0.0120112995992864,0.0080726522873635,3.157837159945314,0.0118069120803879
lc_0790.txt,2387.6385612371305,20601.94335361819,18214.30479238106,387.4414513408977,699.7338494117303,0.0953523949954854,6.153941296241358,-0.1179068277510043,0.1211265152023284,3.3506635046897983,-0.119171473184104
lc_0791.txt,1562.5160738473933,23233.344064353347,21670.827990505957,345.9328044398388,366.1796413360809,0.0271491758503625,2.8885188832222166,-0.0295189577995519,0.0462077053069722,5.166692185185609,-0.0308958719582165
lc_0792.txt,-2285.0082693018194,71758.64406388672,74043.65233318854,373.3255075940007,500.5431937992269,0.0749014565495757,2.605223037784793,-0.0304996388150485,0.0466677220833341,3.129127194546229,-0.0345492516938314
lc_0793.txt,4334.883845331908,14040.866114002678,9705.98226867077,592.8769326644391,436.4072575041646,0.0828607718494934,1.822172074385768,-0.1059684927029857,0.0119170160215299,0.8201041467235031,-0.0935127916150818
lc_0794.txt,3265.745633265331,45663.36815588516,42397.62252261983,333.10941467053993,391.4002072667959,0.0887353949627675,1.9134476006363208,-0.047934649166608,0.0544069697524558,2.58313253750405,-0.0527058062613682
lc_0795.txt,2693.619903322932,13370.89912886915,10677.27922554622,294.993380064107,381.3569200084956,0.0310790834894534,3.330005967872374,-0.0024661733759882,0.022706463699722,3.680333713477969,-0.002948130594383
lc_0796.txt,-267.02303128094354,58495.31330851348,58762.33633979442,455.29426211314,255.89659399134908,0.1489652359077145,3.26461934876103,0.1408564052756911,0.0519299880022305,3.142624003080734,0.1376026418640254
lc_0797.txt,652.4053775072653,6404.99732689074,5752.5919493834745,344.3864215213064,363.0481881746642,0.0198990313490353,2.903044528998939,-0.0083176177481569,0.0103229982142381,3.148855253126184,-0.009560818408441
lc_0798.txt,5563.385891978425,56600.096508877934,51036.71061689951,343.7305239975219,362.5364999315715,0.0590835389956619,1.7282896235941758,-0.0572950731374876,0.044019666181002,3.6072845674357934,-0.0580478310256436
lc_0799.txt,31363.936661565556,72817.13262567036,41453.19596410481,399.08226178656207,452.34427379974215,0.1467071065794624,2.581957346302551,-0.0020102823518951,0.050653234336891,3.34557040384192,-0.0198623280338776
lc_0800.txt,-243.4346903356636,31007.59238010092,31251.027070436583,338.77744045768753,300.0446453209174,0.073634073858614,2.996439021682058,-0.0505600246389983,0.0217770504819312,2.508948664510209,-0.0577281269324736
lc_0801.txt,384.1387999622866,5320.902155288116,4936.763355325829,416.73244118484047,314.0829306315938,0.0334865952613995,2.9642237211359075,0.0639101671814812,0.0119222302430601,2.6734433159467303,0.0625537848443737
lc_0802.txt,-566.8799908910842,2615.4263826201545,3182.3063735112387,353.7833435026001,462.0542722882592,0.0254294825026854,4.181276690944389,-0.0134558108083821,0.0273355408059755,2.9502892258135875,-0.0132669841388312
lc_0803.txt,-80029.07842873794,229865.38533934625,309894.4637680842,420.6406596095275,454.6264327503189,0.2101015582674401,1.8981778682229613,-0.0111950310250298,0.3683024436560279,3.3605743879475423,-0.0173559922115424
lc_0804.txt,-850.1333963045527,2646.5661594282174,3496.69955573277,403.3309273451768,522.533121646138,0.0307818605683451,2.076965506588659,-0.0156299152449055,0.0278899753355888,2.735774686796345,-0.0190330758099871
lc_0805.txt,1271.054956478023,12818.06544677112,11547.010490293098,418.1029358752761,322.54152124407034,0.0319347280543367,3.223827798583345,-0.0047701791091922,0.0110836091538854,3.356529257052623,-0.0054549882048976
lc_0806.txt,2331.3348469460834,14233.619970047926,11902.285123101845,338.1859068335932,328.1957668818184,0.0272177255972882,3.5361063173488945,-0.0123937482967924,0.0255062429268615,3.905824913337196,-0.0130923005846345
lc_0807.txt,8883.969560331781,113907.1855883272,105023.21602799544,310.1718743124444,312.5143944930453,0.0879439990119383,1.5190653926826485,-0.0993899911636701,0.1074120780169225,4.253245651945727,-0.0989226402037431
lc_0808.txt,4565.627890064141,43640.354687004015,39074.726796939874,313.38787924149966,411.2684935304835,0.0575066385952162,1.646936599361965,0.0750151587263378,0.1255517051489752,3.651347241551346,0.0781068721688687
lc_0809.txt,-32801.46638692188,84161.04930774572,116962.5156946676,340.13936096271897,413.91757450435887,0.1100334139488701,3.240347976519565,-0.0702227003858068,0.2173713713657332,3.753620744109737,-0.073400700747476
lc_0810.txt,1693.9849538359483,20078.796355008963,18384.81140117301,372.41539223819854,712.9916446892191,0.1164605622969507,5.544597992554808,0.1870097119378455,0.092727998930143,5.505385052614714,0.2053445059204178
lc_0811.txt,-188.74236422962892,7015.2799893620495,7204.022353591678,376.9508712191538,677.8773789259269,0.024438871918578,3.199499951254062,0.003927993631693,0.0605104266763321,2.030178098495019,0.0022925494933938
lc_0812.txt,462.2922956212915,4674.506670437215,4212.214374815923,374.1817323905475,392.2077969764356,0.0397679463219063,2.0799873114682264,-0.0591232769508778,0.0364962342597085,3.1336011881653274,-0.0613544464335091
lc_0813.txt,2816.5175573782617,41427.62951112508,38611.11195374682,366.8350079738465,333.09579894515826,0.0470557283271499,2.2246299151945217,0.0710474910056273,0.0287337729784333,3.22201638352662,0.0700688490314343
lc_0814.txt,-13753.773613315849,117830.56359114076,131584.33720445662,349.25334039157906,395.65450146596464,0.1018375524295163,3.1451800873032223,-0.1050449119424376,0.0742448334418464,3.7766990175863846,-0.1108804090314247
lc_0815.txt,214457.61042271063,654321.5738565659,439863.9634338552,396.7164428565315,402.3259233664013,0.2293893794827951,1.9952078799627309,-0.0330923734331384,0.257726122985088,3.048468859086956,-0.052670432159656
lc_0816.txt,-88019.19216219499,478946.11908475927,566965.3112469543,313.4323823597518,363.48834928945126,0.1860917081810174,3.2927634550781377,0.0905360806503436,0.4347696403158415,2.5130087495280637,0.0971212176529749
lc_0817.txt,-942.5818741282892,15104.103200666414,16046.685074794705,350.65703343906017,298.4422333916968,0.0702877949569696,3.548579181199196,-0.018870313210219,0.0419733617718901,4.308460254721875,-0.0194725903229104
lc_0818.txt,-3395.800769679645,9086.516792943805,12482.317562623448,379.30065795553065,355.8689781460743,0.0413581493430632,3.0505730135227456,0.0346178922149306,0.0404195696916057,3.496301066640964,0.0312568228868502
lc_0819.txt,1090.0757417426612,5751.769166155116,4661.693424412455,343.6495821845291,411.4233605204993,0.0297781687058992,2.382212182031567,-0.0052591003815867,0.0261287874525277,3.0569592564000088,-0.0035176245208883
lc_0820.txt,3066.168247437454,297342.52975427464,294276.3615068372,368.1537615779791,342.8301172966172,0.2120542541196207,5.02922407980234,-0.05530625086373,0.3727003350566399,0.2018767238826194,-0.0185833504355681
lc_0821.txt,-18280.02266702456,33778.64971825406,52058.67238527862,384.57141938288726,292.52714600947905,0.0507693717711781,1.3874458464631765,0.0871382006883738,0.1310348808421796,3.258274807613071,0.0871500863812287
lc_0822.txt,-2953.2650763801576,25581.73760993775,28535.00268631791,435.620264467725,446.4888737037866,0.0405496246108539,1.1312929988717657,0.0186276446503155,0.1133574638596156,3.2396950841618786,0.019616197973384
lc_0823.txt,-2701.328004581781,14181.22788168697,16882.55588626875,398.36488234558544,418.3545625948948,0.0367624311397898,2.201097325251106,-0.0188100553416378,0.0365909218603065,2.4199815432342557,-0.0199235280666251
lc_0824.txt,-341.0776099730997,3893.828332372034,4234.905942345134,368.225026142735,303.35203172484387,0.0331981488396885,2.9162010851494857,-0.0062442535955421,0.0109253557324906,2.739625669484538,-0.0063360965418277
lc_0825.txt,1793.9955922267254,36913.96755217008,35119.97195994335,315.1579292994027,210.67839065357705,0.0437684779583349,2.874095732385861,0.0092962393779349,0.0575439303518159,3.131675924724513,0.0082725271150534
lc_0826.txt,-7861.200324274869,29662.79261059477,37523.99293486964,416.2153258630958,303.1163400698943,0.0567700482828509,3.014452049220799,-0.0080089811358675,0.1414761207677517,3.103682917453046,-0.0042031284361184
lc_0827.txt,-1148.2250780026295,19624.618776349176,20772.84385435181,364.6358453168449,336.1883534999286,0.0277039501564964,3.9834600854159024,0.0275824214287514,0.0105347121751244,4.2135048637362695,0.0282827535275453
lc_0828.txt,5406.7572825049465,26860.89970473092,21454.14242222597,488.9619010932588,449.1687439263664,0.1325331736162463,4.680662244528103,-0.1745133589827417,0.1151596138907063,3.2060387837173976,-0.1923728860446001
lc_0829.txt,6010.184425405503,63666.14912816102,57655.96470275552,415.88372192888346,276.70460443040497,0.1315983485815203,2.753354200164725,0.0193978838013521,0.0711043089225296,3.4016583228239807,0.0062585478368677
lc_0830.txt,-49255.47970115912,405981.5744106156,455237.0541117747,362.71488828819815,295.8110085409065,0.1653983392600955,3.6852387700962246,-0.0653298212034958,0.4396203407809603,3.205554930550081,-0.0505753048182236
lc_0831.txt,-2959.3471291898168,41998.19234771349,44957.5394769033,428.1541295644466,405.0592470984536,0.0967684526426193,2.474016658690639,0.0480456472692825,0.1038214389794826,3.5104791457627758,0.0449102264478611
lc_0832.txt,-177.85109495247434,6888.5938029124245,7066.444897864899,358.7426522936167,445.3202872185644,0.0176549463255697,6.26080142262268,0.0268987498533916,0.0507698797222285,3.141276247093646,0.0275538428268945
lc_0833.txt,-1073.0211384988652,5819.098570475713,6892.119708974578,361.8158948960121,563.381045339553,0.0483828494529413,0.6986181650267905,0.0512598969099316,0.0607881595704786,5.10939284567326,0.0592235169633378
lc_0834.txt,1469.596409320794,6976.946995099283,5507.350585778489,381.4595339004004,281.6678146969677,0.0380551515271008,3.4782919712217484,0.0078360671285238,0.011032291362518,2.455558765307229,0.0077559216591059
lc_0835.txt,2509.7151904400707,25206.467188924376,22696.751998484306,374.991388311192,353.46095675056466,0.0529179651975664,2.533118809875008,0.0681777716965748,0.0158367456946095,3.082890227421979,0.0677154303573066
lc_0836.txt,1544.2528040533052,13679.508945385014,12135.256141331707,324.23344744965453,387.3321638230622,0.0391294644369895,2.1592633630096767,0.0118786452081321,0.018378662801433,3.165476205434895,0.0107828548599458
lc_0837.txt,29971.227938131808,153161.05959375412,123189.83165562231,407.84274386756886,461.3309755328893,0.3309309247663421,0.6854024424734356,-0.0838531582861309,0.3226534991655867,3.847930252623832,-0.0761759025950989
lc_0838.txt,419.3933732508158,16880.786191325977,16461.39281807516,426.1478110920796,569.8208090222843,0.0362162475854927,1.39603250317588,0.0399511589232903,0.0994298828807377,3.737058177767823,0.0417821697625875
lc_0839.txt,-19429.00089736649,35380.67437444044,54809.67527180693,390.4770928870758,452.19717157226967,0.0875136158213958,3.3129693829161617,-0.0204905582188401,0.1542630487510189,2.559260676448506,-0.0248208510213903
lc_0840.txt,30.61633461142037,2087.007492795009,2056.391158183589,336.7535244451232,288.8232183426799,0.0080552886067414,3.2123560331676644,0.0155078938554064,0.0068006868251544,4.656639836994885,0.0157069458638869
lc_0841.txt,10049.375527313285,97395.15693417516,87345.78140686188,412.75124249442473,542.5930332805958,0.0823908482820901,3.305267246416662,0.0118063604275827,0.128018491291269,3.275924921736393,0.018527831797774
lc_0842.txt,-133028.6136934685,589687.1247524029,722715.7384458714,422.8725583010021,215.0379676386876,0.1401466126013222,3.0844839325731663,0.0178514468427664,0.4354873586734081,3.57506681984434,0.0193720073142408
lc_0843.txt,-80.8073440697899,7974.068219586739,8054.875563656529,371.2634712947804,485.6020853120951,0.0474994376869763,4.514665007075098,0.0749294169953879,0.0635846954415344,3.2362191382948806,0.0805829957214845
lc_0844.txt,8830.442074725637,49419.82035600129,40589.37828127565,453.4510105158429,332.2005930430376,0.1162403803778321,2.8803057726463708,-0.1188150161571675,0.0290589451133407,1.350833462295805,-0.1198678173912408
lc_0845.txt,-7375.101916214044,33503.79891636119,40878.90083257524,390.3956975974656,399.1784199916852,0.0680540323576249,4.542220714481239,0.0488427774374733,0.1327425222732022,3.21224282661216,0.0489935042576732
lc_0846.txt,-351.2500976485899,63305.82409969348,63657.07419734207,352.3776842330988,347.343391872079,0.0848736488536519,3.5568854222754016,-0.094702975676327,0.0250119530757514,3.514814400241656,-0.1023125368377823
lc_0847.txt,651.7318885640016,10059.882667000606,9408.150778436604,450.2893836452146,351.3720512464916,0.0485729615175552,2.948296908705484,0.0209132361502978,0.0111808389508206,4.414017784596628,0.022595084315132
lc_0848.txt,2469.218125245476,133710.3973015101,131241.17917626462,448.0407587645532,264.01844788331965,0.1281232905000913,4.196102172326391,0.0687296712390472,0.2300683881546533,2.9549316558806797,0.0732661214012273
lc_0849.txt,115.09518059890344,6814.703791723297,6699.608611124394,303.9903885514876,399.2417656892004,0.0159018062228434,2.32876744130898,0.0079671946530054,0.0106629297235737,3.185805482177241,0.0083404516182937
lc_0850.txt,16898.07669168322,133057.76990253475,116159.69321085152,336.5627471215023,515.6957174818576,0.1064427110211362,1.288549727410403,-0.0082407467093749,0.0543591532181073,3.2190050635649663,-0.0059090435576821
lc_0851.txt,7217.767375411437,79801.32482555186,72583.55745014042,423.4483244514899,212.39489149701583,0.1329706284359544,3.121478361790981,-0.1742641314464967,0.0537238687320184,5.215343243427151,-0.1752917270246974
lc_0852.txt,-9584.294895144005,168866.83471040177,178451.12960554578,362.1906032834856,449.4591624329331,0.1833779311915523,1.2255656764350322,0.0383566599463281,0.3436797134208045,0.3033156293703546,0.0570610907312493
lc_0853.txt,-38.36798280605399,4578.196056897243,4616.564039703297,442.6713627753797,284.0758360034128,0.0594575956991136,3.9799254736872975,-0.026329487602271,0.0358310517191938,2.977045722916424,-0.0410858485865016
lc_0854.txt,-74206.50776079806,145849.72593003302,220056.23369083108,446.02087387265306,722.7363089128926,0.2887514459835713,6.096365114466533,-0.0382134301901705,0.4194245651712999,4.888391060880817,-0.0038884403748575
lc_0855.txt,-75766.35008496785,168357.23697413108,244123.5870590989,345.10975388409435,365.1859430127882,0.0904961511194427,3.5807193308734067,0.0993834697175852,0.2667896983812904,3.2161888760840758,0.102441481863629
lc_0856.txt,4834.334401030377,62104.28299192549,57269.94859089511,428.1640426598018,297.5571550717325,0.162807288116511,3.346678572311733,0.1045824585682842,0.0403732296237212,2.807553256423152,0.0971545373094114
lc_0857.txt,22629.430482923417,143751.50167247903,121122.07118955562,431.96103467356295,297.4738767486383,0.1457828840392197,2.764857190332616,0.041784347326403,0.0627531523385584,4.681473692387179,0.0402809342438176
lc_0858.txt,12568.96161264964,43482.314005596345,30913.352392946705,400.9257952297018,384.848471302319,0.0928445450515711,4.4383513359386,-0.0265135962585964,0.031694645359204,3.4512010404968043,-0.0252928521918984
lc_0859.txt,202.3554200546787,55093.74657328551,54891.39115323083,391.9193527652736,626.7302453931742,0.0694565036336851,3.384132559645185,-0.0626718885421026,0.1403453874229419,4.179710004258288,-0.0581771977853458
lc_0860.txt,-668.6437837410285,6229.181938159756,6897.825721900785,325.65836792387694,333.6804590860824,0.0399713241179515,3.280225636081804,-0.0132328853813788,0.0183448838946728,3.006278325933846,-0.0166464753004579
lc_0861.txt,-1378.6567511326284,14772.504626522224,16151.161377654851,360.01812038287665,353.92939431705025,0.0791223052849145,4.486410021281079,0.1120768185156205,0.031357949828957,3.742824085504455,0.1105107889639279
lc_0862.txt,5738.559859255867,45637.416700086906,39898.85684083104,342.38021737195146,356.35444165326663,0.0891850769037314,5.976519732445829,0.0181577184258007,0.0578604026716057,3.4121439767596606,0.0185086754777126
lc_0863.txt,18243.327332621324,230647.37759554724,212404.0502629259,289.8726003870972,553.6255968180243,0.0943641904809837,1.8401713192738445,0.2173112498686702,0.2704509604258258,3.1777128954630904,0.2300182229489311
lc_0864.txt,3297.6456142172683,9224.82268667216,5927.177072454892,392.9055523389487,262.2939028758918,0.0413786367441964,4.929392066100016,0.0181635359570073,0.0189132405619998,3.2770306358975274,0.017811517416169
lc_0865.txt,-8604.531841494572,21954.36525302891,30558.897094523483,348.969134975739,614.7837563643714,0.0771797937036032,3.8880129705249455,-0.0484511774095316,0.1165243962041147,3.423926684708442,-0.0537794931391366
lc_0866.txt,3668.970087915592,13974.812303256902,10305.84221534131,485.7883474056574,446.3223350762215,0.0877066192185869,4.002935146148774,-0.0584124511440323,0.0197511485597307,2.970590252261003,-0.0478156714049576
lc_0867.txt,1728.2136739185337,12339.862067505612,10611.648393587078,373.643192377016,452.1949929622676,0.0265402712465237,3.2310707390742683,0.031168139112045,0.0076037123963896,3.3539672952427564,0.032245122362668
lc_0868.txt,3538.2592872092728,9977.729458771551,6439.4701715622805,385.08421242918206,346.2725771352372,0.0548997371546937,1.493195847205856,-0.1007475777771469,0.0352419172214659,3.6451118163813336,-0.0995641144933073
lc_0869.txt,2108.7885694697325,177195.98854382284,175087.1999743531,391.9746256905716,868.8081827552543,0.2753943192521302,0.2891090161440297,-0.0075506158113521,0.3107208170995033,3.15620774225141,-0.0155914543352855
lc_0870.txt,-1294.9073618682178,3271.059495238408,4565.966857106626,320.33599241064167,597.9707657546777,0.0166084689834333,4.346847155674774,0.0091915002131761,0.0564005487149147,2.882728871675448,0.0125512826905995
lc_0871.txt,979.6703985378626,22481.135307394517,21501.46490885665,380.8687515766802,241.0088431841566,0.0339775900077213,2.9070180524410425,0.1384260107354998,0.0171132160225522,3.149373377114796,0.1381162749154977
lc_0872.txt,8220.701322123472,22702.45533763738,14481.754015513909,398.99924882568,496.1603139278311,0.0827270581484326,6.097056782501665,0.0146186938541126,0.0946289059474957,2.199429935383426,0.0232007595828369
lc_0873.txt,205.75749483039544,5007.74684933032,4801.989354499925,374.42906560264817,347.2259673454085,0.0201697815639483,1.9108445390933235,0.0095699318786192,0.008098844044311,2.1210511412690902,0.0100748496763669
lc_0874.txt,-28431.585977127208,59289.08577492733,87720.67175205454,364.8102688156483,498.6789299872143,0.0456020554745676,3.328315884031664,0.0034233732262103,0.1477453059358736,2.2912503538335427,0.0016992685226918
lc_0875.txt,190.8521150895413,3308.456684270147,3117.6045691806057,328.9374057884607,334.62477851517684,0.0213044505620299,1.952261512300251,-0.0145156186164652,0.0150845993372379,3.768858093986757,-0.0131972127323599
lc_0876.txt,-734.9702563648916,6754.900569515154,7489.870825880045,356.5761745939821,475.4668990615952,0.0290828083861573,3.43904330233971,-0.0051922568331429,0.0577551633896445,3.1126202794046423,-0.006627411147023
lc_0877.txt,485.8164591975219,105962.76101235749,105476.94455315996,413.6569573809816,334.89966307429626,0.186784433112725,2.066049950597685,-0.5680539516792457,0.062375143509007,1.4678200734225328,-0.5774934447835778
lc_0878.txt,1767.3004843396266,53208.216473330016,51440.91598899039,349.61561650641727,366.60491589605175,0.0762651761857972,3.2470015514376485,-0.0156556968062428,0.0367683826059075,2.598519580408884,-0.0208751230864716
lc_0879.txt,1262.6315768946515,55529.775224848585,54267.14364795393,370.2538061731564,835.485846242983,0.0816488265781343,4.754729578087522,-0.041005349778764,0.1357144167803711,2.84503971084323,-0.0436031437926338
lc_0880.txt,-102.16037416367544,8530.354797657083,8632.515171820758,329.8151384161428,317.6517120874755,0.0286002888581854,2.006044713513459,-0.0273690417691541,0.0065380388396809,1.3996866399822736,-0.0260842414198869
lc_0881.txt,554.9785348025898,8344.752293040696,7789.773758238106,404.949444329717,314.3890146329117,0.0389041559143481,3.0219072562059304,0.0070601564823025,0.0206207785001126,2.350978179521154,0.00851107195475
lc_0882.txt,-11452.545076344002,112034.13153177108,123486.67660811509,358.49320836517245,362.6016947832824,0.1549462420941111,4.565778420972821,0.062159582035518,0.2493332035320412,3.201580407953753,0.0653365914230861
lc_0883.txt,-808.9475964506773,5487.470965502249,6296.418561952926,349.2682993418581,608.6375453057385,0.0384716052776912,5.683825644836632,0.1120746220384085,0.0743907323266419,2.685616506632853,0.11704033621145
lc_0884.txt,-3621.695819182263,50476.86683062538,54098.562649807645,362.31809849289226,394.4509606196901,0.084540141400131,4.005255745797357,-0.0519317378980187,0.0558480265930782,3.493765792074551,-0.0491550247627405
lc_0885.txt,-3208.6154305674136,31442.113757345505,34650.72918791292,417.3660028111337,424.53583205214153,0.0383791105398167,2.7009218857737203,-0.0318181254881439,0.1123535633648386,3.2576506771302074,-0.0316354958510558
lc_0886.txt,-2320.668871744536,167635.0309282309,169955.69979997544,336.0131553493746,323.59420980764776,0.0832478807658642,2.005543915458908,-0.0351543620624582,0.2555727467511869,2.824841303644442,-0.0250788528235886
lc_0887.txt,-350.9951356869469,5793.836134748141,6144.831270435088,314.578849548136,313.2321195989745,0.0161053017768757,3.192263795409628,-0.008674513825347,0.0125133807632972,3.531582197265881,-0.0087845325836096
lc_0888.txt,-11745.589709844351,94306.62349862704,106052.2132084714,397.33631622700113,324.7077704814188,0.0997379826765107,2.756511050455757,0.0551507558340236,0.2061400720978859,3.4870884069834127,0.0601553204753138
lc_0889.txt,-25105.256890502176,444591.9847950259,469697.2416855281,336.92156428250064,499.6837494226558,0.1118852335195788,2.0620089951517557,-0.0973598572378692,0.150360935686617,3.0678805533878317,-0.0969805461195059
lc_0890.txt,-26656.238522610744,182833.34416096905,209489.58268357976,394.59622651319694,366.1133174280439,0.0877214311472869,2.804800328113588,0.0610483732834638,0.2385621408527106,3.5436560559706205,0.0620259004362403
lc_0891.txt,-17614.64460141337,118244.80983322037,135859.45443463372,352.41203921167096,438.9897146174551,0.0709051039085654,2.8750297082822955,-0.0704069172134708,0.0655933671345376,3.99751365617094,-0.0659246101234555
lc_0892.txt,15578.51012864874,72966.81025620247,57388.30012755373,530.0557911728362,453.023997317658,0.1168442296246541,2.5942609314653,0.122029251655757,0.0405322329829062,5.495325840101248,0.1230665945856924
lc_0893.txt,-5851.226720930677,15382.280592731022,21233.5073136617,385.4836100387422,1033.753200119518,0.0415568236231507,2.488021405992805,-0.0586845369864933,0.0981965547130892,1.2985861968705554,-0.055832680163462
lc_0894.txt,44800.73804950815,156697.28737196722,111896.54932245908,485.36234108708993,355.86274379683755,0.2708506630822601,3.2249445178643987,0.4838721517713327,0.0968276292107183,2.167026317137203,0.4365558516710149
lc_0895.txt,5978.978981764289,51219.0471496899,45240.06816792561,414.73112639051175,316.45743107591045,0.1533001408425561,3.5832994195985166,0.0943037380866926,0.0465250722165946,3.348063729410849,0.0906113257867676
lc_0896.txt,-7423.670455048858,35110.70400049239,42534.37445554125,317.3993068925786,565.9655390031435,0.0670045833829929,2.671105094962173,0.0431621041618478,0.1565307429275172,3.318556255096304,0.0421337854945226
lc_0897.txt,-1874.328542747433,10619.833697044209,12494.16223979164,347.2379778453234,553.2130983457156,0.0399615412496487,4.427731099996675,0.0330388759008622,0.05259475287265,3.0475334348561205,0.0347724515715738
lc_0898.txt,10595.554390780671,103760.35672580624,93164.80233502555,370.6323364863197,546.6427300584411,0.0951795241364145,3.3806403198378674,-0.0390659970835776,0.0799433944603485,2.465272603676802,-0.0389496807182201
